,ori_apr,apr,dataset,bug,repair_time,fl_time,pg_time,compile_time,pv_time,ncp,ntce,has_patch,insufficient_memory,filter_pass_all,filter_pass_file,insufficient_memory_2,vm_error,repeated_timeout_executions
0,simfix_2,simfix_1,bears,FasterXML-jackson-databind_176912167-190405643,7236.9259999999995,31.86,0,5224.823999999999,1522.3980000000004,4944,273798,0,NO,NO,,NO,NO,NO
1,simfix_2,simfix_2,bears,FasterXML-jackson-databind_176912167-190405643,7163.503000000002,31.86,0,5930.384000000004,743.4149999999986,5557,1482,0,NO,NO,,NO,NO,NO
2,simfix_2,simfix_3,bears,FasterXML-jackson-databind_176912167-190405643,9117.682999999997,31.86,0,625.1989999999994,8002.779999999999,664,391230,0,NO,NO,,NO,NO,NO
3,tbar_2,tbar_1,bears,FasterXML-jackson-databind_176912167-190405643,7217.039999999995,31.963,0,4645.285999999997,2513.7769999999987,3825,357526,0,NO,NO,,NO,NO,NO
4,tbar_2,tbar_2,bears,FasterXML-jackson-databind_176912167-190405643,7199.5549999999985,31.963,0,5995.556999999998,1146.021000000001,4894,2257,0,NO,NO,,NO,NO,NO
5,tbar_2,tbar_3,bears,FasterXML-jackson-databind_176912167-190405643,7256.317000000002,31.963,0,305.79799999999994,6892.542000000003,303,367080,0,NO,NO,,NO,NO,NO
6,simfix_2,simfix_1,bears,FasterXML-jackson-databind_190405643-195044059,7159.936999999998,26.439999999999998,0,6645.418000000001,1.645,4025,159,0,NO,NO,,NO,NO,NO
7,simfix_2,simfix_2,bears,FasterXML-jackson-databind_190405643-195044059,7302.551999999998,26.439999999999998,0,5944.298,845.3800000000006,3786,1099,0,NO,NO,,NO,NO,NO
8,simfix_2,simfix_3,bears,FasterXML-jackson-databind_190405643-195044059,7642.185000000003,26.439999999999998,0,782.5790000000003,6346.7320000000045,841,475245,0,NO,NO,,NO,NO,NO
9,tbar_2,tbar_1,bears,FasterXML-jackson-databind_190405643-195044059,7194.398999999997,29.471999999999998,0,6647.473999999997,466.177,3826,5381,0,NO,NO,,NO,NO,NO
10,tbar_2,tbar_2,bears,FasterXML-jackson-databind_190405643-195044059,7208.9000000000015,29.471999999999998,0,5682.501,1445.6510000000014,2813,1329,0,NO,NO,,NO,NO,NO
11,tbar_2,tbar_3,bears,FasterXML-jackson-databind_190405643-195044059,7362.121,29.471999999999998,0,208.95700000000002,7072.416,54,83772,0,NO,NO,,NO,NO,NO
12,simfix_2,simfix_1,bears,FasterXML-jackson-databind_190406891-190505536,7320.90799999999,25.576,0,3663.1889999999917,3137.544999999999,4061,761298,0,NO,NO,,NO,NO,NO
13,simfix_2,simfix_2,bears,FasterXML-jackson-databind_190406891-190505536,7158.17,25.576,0,5699.9850000000015,938.010999999999,6011,13754,0,NO,NO,,NO,NO,NO
14,simfix_2,simfix_3,bears,FasterXML-jackson-databind_190406891-190505536,7646.086000000001,25.576,0,777.4599999999998,6348.452000000001,924,537734,0,NO,NO,,NO,NO,NO
15,tbar_2,tbar_1,bears,FasterXML-jackson-databind_190406891-190505536,7229.992000000006,25.652,0,5023.502000000007,2150.827999999999,4656,622215,0,NO,NO,,NO,NO,NO
16,tbar_2,tbar_2,bears,FasterXML-jackson-databind_190406891-190505536,7199.232000000005,25.652,0,5840.726000000004,1302.8440000000012,5562,11062,0,NO,NO,,NO,NO,NO
17,tbar_2,tbar_3,bears,FasterXML-jackson-databind_190406891-190505536,7271.323999999999,25.652,0,391.5139999999998,6824.147999999998,437,424346,0,NO,NO,,NO,NO,NO
18,simfix_2,simfix_1,bears,FasterXML-jackson-databind_195066764-195069327,7269.667000000004,23.525,0,4316.242000000001,2523.559000000001,5180,193267,0,NO,NO,,NO,NO,NO
19,simfix_2,simfix_2,bears,FasterXML-jackson-databind_195066764-195069327,7184.0260000000135,23.525,0,5155.33200000001,1598.8280000000013,6029,78782,0,NO,NO,,NO,NO,NO
20,simfix_2,simfix_3,bears,FasterXML-jackson-databind_195066764-195069327,7558.054999999996,23.525,0,899.5979999999996,6228.590999999994,1021,523900,0,NO,NO,,NO,NO,NO
21,tbar_2,tbar_1,bears,FasterXML-jackson-databind_195066764-195069327,7200.6199999999935,23.147,0,4544.657999999996,2612.418999999998,4250,273101,0,NO,NO,,NO,NO,NO
22,tbar_2,tbar_2,bears,FasterXML-jackson-databind_195066764-195069327,3635.2949999999996,23.147,0,2751.2099999999996,852.6980000000002,2447,22104,yes,NO,NO,,NO,NO,NO
23,tbar_2,tbar_3,bears,FasterXML-jackson-databind_195066764-195069327,6094.667999999995,23.147,0,292.5290000000002,5795.994999999995,324,370760,yes,NO,NO,,NO,NO,NO
24,simfix_2,simfix_1,bears,FasterXML-jackson-databind_195430379-198387397,7253.677999999993,30.34,0,4492.044999999999,2331.813999999997,4737,490099,0,NO,NO,,NO,NO,NO
25,simfix_2,simfix_2,bears,FasterXML-jackson-databind_195430379-198387397,7164.593999999992,30.34,0,5267.8839999999955,1466.8910000000005,5527,48647,0,NO,NO,,NO,NO,NO
26,simfix_2,simfix_3,bears,FasterXML-jackson-databind_195430379-198387397,7564.5289999999995,30.34,0,776.7800000000005,6357.930000000003,852,408595,0,NO,NO,,NO,NO,NO
27,tbar_2,tbar_1,bears,FasterXML-jackson-databind_195430379-198387397,7203.276999999998,29.886000000000003,0,3922.962000000001,3240.210999999998,3788,513943,0,NO,NO,,NO,NO,NO
28,tbar_2,tbar_2,bears,FasterXML-jackson-databind_195430379-198387397,1785.6319999999992,29.886000000000003,0,1431.4809999999995,335.004,1490,2341,yes,NO,NO,,NO,NO,NO
29,tbar_2,tbar_3,bears,FasterXML-jackson-databind_195430379-198387397,7234.0629999999965,29.886000000000003,0,413.39699999999993,6780.561999999996,479,489345,0,NO,NO,,NO,NO,NO
30,simfix_2,simfix_1,bears,FasterXML-jackson-databind_195646489-195752461,7789.292999999996,27.144000000000002,0,1307.7039999999986,5972.029,1469,59468,0,YES,NO,,NO,NO,NO
31,simfix_2,simfix_2,bears,FasterXML-jackson-databind_195646489-195752461,7173.656999999986,27.144000000000002,0,5617.958999999987,1046.1380000000013,5661,18819,0,YES,NO,,NO,NO,NO
32,simfix_2,simfix_3,bears,FasterXML-jackson-databind_195646489-195752461,908.8360000000004,27.144000000000002,0,110.74600000000007,786.2740000000002,147,70725,yes,YES,NO,,NO,NO,NO
33,tbar_2,tbar_1,bears,FasterXML-jackson-databind_195646489-195752461,7207.020999999992,27.176000000000002,0,4472.187999999995,2681.1819999999975,4580,289308,0,NO,NO,,NO,NO,NO
34,tbar_2,tbar_2,bears,FasterXML-jackson-databind_195646489-195752461,7199.012999999999,27.176000000000002,0,5583.289000000001,1562.072999999999,5756,30999,0,NO,NO,,NO,NO,NO
35,tbar_2,tbar_3,bears,FasterXML-jackson-databind_195646489-195752461,7249.392999999998,27.176000000000002,0,347.0219999999999,6848.719999999999,417,434700,0,NO,NO,,NO,NO,NO
36,simfix_2,simfix_1,bears,FasterXML-jackson-databind_195752461-195777970,8091.461000000005,29.358,0,3173.252000000008,4451.344999999999,3084,66860,0,NO,NO,,NO,NO,NO
37,simfix_2,simfix_2,bears,FasterXML-jackson-databind_195752461-195777970,7161.962999999997,29.358,0,5814.029000000001,881.069999999999,5708,3494,0,NO,NO,,NO,NO,NO
38,simfix_2,simfix_3,bears,FasterXML-jackson-databind_195752461-195777970,7587.979,29.358,0,779.5670000000001,6341.548000000003,864,490468,0,NO,NO,,NO,NO,NO
39,tbar_2,tbar_1,bears,FasterXML-jackson-databind_195752461-195777970,7197.665999999992,29.46,0,6705.875999999992,425.762,6698,64327,0,NO,NO,,YES,NO,NO
40,tbar_2,tbar_2,bears,FasterXML-jackson-databind_195752461-195777970,7209.51399999999,29.46,0,5974.104999999992,1169.380999999998,6018,5138,0,NO,NO,,YES,NO,NO
41,tbar_2,tbar_3,bears,FasterXML-jackson-databind_195752461-195777970,7267.227000000003,29.46,0,400.60099999999994,6800.598000000003,440,431750,0,NO,NO,,YES,NO,NO
42,simfix_2,simfix_1,bears,FasterXML-jackson-databind_203042777-203306015,7144.021000000008,35.522999999999996,0,6545.952000000007,38.72499999999999,7367,444,0,NO,NO,,NO,NO,NO
43,simfix_2,simfix_2,bears,FasterXML-jackson-databind_203042777-203306015,7296.396999999997,35.522999999999996,0,5770.354999999997,966.6979999999998,6547,2219,0,NO,NO,,NO,NO,NO
44,simfix_2,simfix_3,bears,FasterXML-jackson-databind_203042777-203306015,7691.843000000003,35.522999999999996,0,675.8520000000004,6456.647000000001,725,437184,0,NO,NO,,NO,NO,NO
45,tbar_2,tbar_1,bears,FasterXML-jackson-databind_203042777-203306015,7201.651999999989,35.617,0,6996.537999999989,139.418,6230,51481,0,YES,NO,,NO,NO,NO
46,tbar_2,tbar_2,bears,FasterXML-jackson-databind_203042777-203306015,7209.186999999997,35.617,0,6034.4039999999995,1109.0869999999973,5279,2343,0,YES,NO,,NO,NO,NO
47,tbar_2,tbar_3,bears,FasterXML-jackson-databind_203042777-203306015,4445.3189999999995,35.617,0,293.2709999999999,4145.344999999999,341,309312,yes,YES,NO,,NO,NO,NO
48,simfix_2,simfix_1,bears,FasterXML-jackson-databind_203649003-204682356,7248.616999999997,38.101,0,4698.870999999997,2086.2449999999994,5064,398086,0,NO,NO,,NO,NO,NO
49,simfix_2,simfix_2,bears,FasterXML-jackson-databind_203649003-204682356,7167.595999999989,38.101,0,5500.19699999999,1203.8979999999985,5803,14205,0,NO,NO,,NO,NO,NO
50,simfix_2,simfix_3,bears,FasterXML-jackson-databind_203649003-204682356,2006.6649999999997,38.101,0,178.75700000000006,1816.744,214,141860,yes,NO,NO,,NO,NO,NO
51,tbar_2,tbar_1,bears,FasterXML-jackson-databind_203649003-204682356,1648.4090000000003,37.695,0,322.4580000000001,1320.089,326,18689,yes,YES,NO,,YES,NO,NO
52,tbar_2,tbar_2,bears,FasterXML-jackson-databind_203649003-204682356,7200.291999999981,37.695,0,5620.421999999986,1529.2259999999953,3760,6861,0,YES,NO,,YES,NO,NO
53,tbar_2,tbar_3,bears,FasterXML-jackson-databind_203649003-204682356,5175.9270000000015,37.695,0,278.57000000000005,4892.513000000002,275,266420,yes,YES,NO,,YES,NO,NO
54,simfix_2,simfix_1,bears,FasterXML-jackson-databind_221825856-221903238,7279.117000000006,28.145999999999997,0,5149.698000000008,1745.2859999999994,3700,210810,0,YES,NO,,NO,NO,NO
55,simfix_2,simfix_2,bears,FasterXML-jackson-databind_221825856-221903238,7174.844000000007,28.145999999999997,0,5877.604000000008,913.1070000000005,4297,1373,0,YES,NO,,NO,NO,NO
56,simfix_2,simfix_3,bears,FasterXML-jackson-databind_221825856-221903238,7531.577999999998,28.145999999999997,0,662.5299999999999,6484.915,636,365442,0,YES,NO,,NO,NO,NO
57,tbar_2,tbar_1,bears,FasterXML-jackson-databind_221825856-221903238,7215.482999999991,28.124,0,4116.968999999993,3044.9669999999987,3645,358281,0,NO,NO,,NO,NO,NO
58,tbar_2,tbar_2,bears,FasterXML-jackson-databind_221825856-221903238,7201.729000000008,28.124,0,5883.348000000007,1264.834000000001,4814,2203,0,NO,NO,,NO,NO,NO
59,tbar_2,tbar_3,bears,FasterXML-jackson-databind_221825856-221903238,7364.896000000004,28.124,0,349.744,6961.605000000004,354,407484,0,NO,NO,,NO,NO,NO
60,simfix_2,simfix_1,bears,FasterXML-jackson-databind_223024976-223291136,7172.065999999995,61.199,0,6730.5139999999965,0.0,5612,0,0,NO,NO,,NO,NO,NO
61,simfix_2,simfix_2,bears,FasterXML-jackson-databind_223024976-223291136,7293.317999999996,61.199,0,5994.307999999996,857.4580000000002,4989,1517,0,NO,NO,,NO,NO,NO
62,simfix_2,simfix_3,bears,FasterXML-jackson-databind_223024976-223291136,7582.560999999999,61.199,0,672.7240000000008,6468.284999999999,652,386702,0,NO,NO,,NO,NO,NO
63,tbar_2,tbar_1,bears,FasterXML-jackson-databind_223024976-223291136,7201.9,61.205,0,7094.418,50.703,4764,38572,0,NO,NO,,YES,NO,NO
64,tbar_2,tbar_2,bears,FasterXML-jackson-databind_223024976-223291136,7205.698999999995,61.205,0,5947.501999999996,1201.4179999999992,4126,1865,0,NO,NO,,YES,NO,NO
65,tbar_2,tbar_3,bears,FasterXML-jackson-databind_223024976-223291136,7254.313000000001,61.205,0,367.08599999999973,6830.448000000002,432,475692,0,NO,NO,,YES,NO,NO
66,simfix_2,simfix_1,bears,FasterXML-jackson-databind_226276279-226639126,7293.392999999985,75.967,0,4499.134999999986,2300.114,4490,352869,0,NO,NO,,NO,NO,NO
67,simfix_2,simfix_2,bears,FasterXML-jackson-databind_226276279-226639126,7115.663999999986,75.967,0,5692.594999999988,928.9249999999994,5801,2063,0,NO,NO,,NO,NO,NO
68,simfix_2,simfix_3,bears,FasterXML-jackson-databind_226276279-226639126,8413.261999999997,75.967,0,788.0119999999997,7131.105999999999,762,466440,0,NO,NO,,NO,NO,NO
69,tbar_2,tbar_1,bears,FasterXML-jackson-databind_226276279-226639126,7238.312000000002,75.347,0,4770.332000000002,2414.5329999999994,4166,138634,0,NO,NO,,YES,NO,NO
70,tbar_2,tbar_2,bears,FasterXML-jackson-databind_226276279-226639126,7200.711999999998,75.347,0,6063.528999999998,1083.7359999999996,5271,2117,0,NO,NO,,YES,NO,NO
71,tbar_2,tbar_3,bears,FasterXML-jackson-databind_226276279-226639126,7247.131999999994,75.347,0,559.8919999999994,6633.792999999995,577,541476,0,NO,NO,,YES,NO,NO
72,simfix_2,simfix_1,bears,FasterXML-jackson-databind_226654766-226666085,7097.379000000001,37.205,0,6360.89,185.011,6479,30168,0,YES,NO,,NO,NO,NO
73,simfix_2,simfix_2,bears,FasterXML-jackson-databind_226654766-226666085,7252.916999999998,37.205,0,5839.7249999999985,861.7139999999986,5932,4052,0,YES,NO,,NO,NO,NO
74,simfix_2,simfix_3,bears,FasterXML-jackson-databind_226654766-226666085,4115.106000000002,37.205,0,552.6120000000004,3525.0170000000003,431,230166,yes,YES,NO,,NO,NO,NO
75,tbar_2,tbar_1,bears,FasterXML-jackson-databind_226654766-226666085,7214.305000000001,37.363,0,6254.045000000001,904.9710000000001,5887,37066,0,NO,NO,,NO,NO,NO
76,tbar_2,tbar_2,bears,FasterXML-jackson-databind_226654766-226666085,7203.063999999997,37.363,0,6075.819999999997,1071.955,5758,2465,0,NO,NO,,NO,NO,NO
77,tbar_2,tbar_3,bears,FasterXML-jackson-databind_226654766-226666085,8056.258,37.363,0,426.92400000000026,7574.045,386,302850,0,NO,NO,,NO,NO,NO
78,simfix_2,simfix_1,bears,FasterXML-jackson-databind_226666085-226673064,7252.916,28.636,0,4589.019999999996,2207.5020000000004,4182,190347,0,NO,NO,,NO,NO,NO
79,simfix_2,simfix_2,bears,FasterXML-jackson-databind_226666085-226673064,7118.159999999998,28.636,0,5734.163999999994,927.6019999999995,4801,1750,0,NO,NO,,NO,NO,NO
80,simfix_2,simfix_3,bears,FasterXML-jackson-databind_226666085-226673064,3686.5930000000044,28.636,0,534.2560000000002,3114.5930000000003,480,232300,yes,NO,NO,,NO,NO,NO
81,tbar_2,tbar_1,bears,FasterXML-jackson-databind_226666085-226673064,7207.673000000001,28.993000000000002,0,5622.115000000001,1532.414,5304,233761,0,NO,NO,,NO,NO,NO
82,tbar_2,tbar_2,bears,FasterXML-jackson-databind_226666085-226673064,7199.675000000008,28.993000000000002,0,6030.404000000008,1116.127000000001,5669,6300,0,NO,NO,,NO,NO,NO
83,tbar_2,tbar_3,bears,FasterXML-jackson-databind_226666085-226673064,10521.226,28.993000000000002,0,521.8120000000004,9946.27,416,347440,0,NO,NO,,NO,NO,NO
84,simfix_2,simfix_1,bears,FasterXML-jackson-databind_228025083-228873360,7104.033999999998,26.465,0,3078.3389999999986,3732.0359999999987,3241,832011,0,NO,NO,,NO,NO,NO
85,simfix_2,simfix_2,bears,FasterXML-jackson-databind_228025083-228873360,3869.279999999999,26.465,0,3078.3389999999986,497.28199999999947,3241,4432,0,NO,NO,,NO,NO,NO
86,simfix_2,simfix_3,bears,FasterXML-jackson-databind_228025083-228873360,7410.921000000004,26.465,0,684.6979999999996,6432.564000000004,789,515672,0,NO,NO,,NO,NO,NO
87,tbar_2,tbar_2,bears,FasterXML-jackson-databind_228025083-228873360,-,-,-,-,-,-,-,-,-,-,-,-,-,-
88,simfix_2,simfix_1,bears,FasterXML-jackson-databind_233857275-234147085,8461.287000000006,16.213,0,1891.5630000000053,6038.186,3649,3625,0,NO,NO,,NO,NO,NO
89,simfix_2,simfix_2,bears,FasterXML-jackson-databind_233857275-234147085,7163.165999999971,16.213,0,4612.319999999973,2019.307999999998,9022,2983,0,NO,NO,,NO,NO,NO
90,simfix_2,simfix_3,bears,FasterXML-jackson-databind_233857275-234147085,7640.096999999995,16.213,0,933.1180000000015,6175.440999999994,1859,972515,0,NO,NO,,NO,NO,NO
91,tbar_2,tbar_1,bears,FasterXML-jackson-databind_233857275-234147085,7205.758999999971,16.287,0,5353.69399999997,1782.903000000001,9331,479981,0,NO,NO,,NO,NO,NO
92,tbar_2,tbar_2,bears,FasterXML-jackson-databind_233857275-234147085,7200.120999999973,16.287,0,5703.716999999976,1427.241999999997,9882,4434,0,NO,NO,,NO,NO,NO
93,tbar_2,tbar_3,bears,FasterXML-jackson-databind_233857275-234147085,7264.981999999997,16.287,0,581.4510000000002,6614.368999999998,1041,933685,0,NO,NO,,NO,NO,NO
94,simfix_2,simfix_1,bears,FasterXML-jackson-databind_241044631-241063530,7157.993999999984,16.722,0,6423.6159999999845,167.861,7081,24692,0,NO,NO,,NO,NO,NO
95,simfix_2,simfix_2,bears,FasterXML-jackson-databind_241044631-241063530,7258.474999999984,16.722,0,5726.359999999986,965.5979999999977,6397,2179,0,NO,NO,,NO,NO,NO
96,simfix_2,simfix_3,bears,FasterXML-jackson-databind_241044631-241063530,7685.423999999999,16.722,0,779.5429999999994,6339.364,1243,766444,0,NO,NO,,NO,NO,NO
97,tbar_2,tbar_1,bears,FasterXML-jackson-databind_241044631-241063530,7198.768999999995,16.978,0,6750.986999999995,384.24,5732,37794,0,NO,NO,,YES,NO,NO
98,tbar_2,tbar_2,bears,FasterXML-jackson-databind_241044631-241063530,7206.838999999993,16.978,0,5962.791999999995,1180.5049999999976,4978,2246,0,NO,NO,,YES,NO,NO
99,tbar_2,tbar_3,bears,FasterXML-jackson-databind_241044631-241063530,7392.011000000006,16.978,0,421.77299999999997,6906.696000000005,464,462692,0,NO,NO,,YES,NO,NO
100,simfix_2,simfix_1,bears,FasterXML-jackson-databind_241063530-241065840,7153.311999999998,27.134999999999998,0,6249.611999999997,331.619,6643,16740,yes,NO,YES,794,NO,NO,NO
101,simfix_2,simfix_2,bears,FasterXML-jackson-databind_241063530-241065840,956.2419999999997,27.134999999999998,0,705.6669999999997,172.01199999999992,794,2366,yes,NO,YES,794,NO,NO,NO
102,simfix_2,simfix_3,bears,FasterXML-jackson-databind_241063530-241065840,7699.189999999998,27.134999999999998,0,681.4119999999997,6445.696999999997,773,500344,0,NO,NO,,NO,NO,NO
103,tbar_2,tbar_1,bears,FasterXML-jackson-databind_241063530-241065840,7200.182000000018,27.358999999999998,0,7091.478000000018,44.733,6032,4393,0,NO,NO,,YES,NO,NO
104,tbar_2,tbar_2,bears,FasterXML-jackson-databind_241063530-241065840,7208.000000000011,27.358999999999998,0,5971.36100000001,1172.6680000000006,5013,4532,0,NO,NO,,YES,NO,NO
105,tbar_2,tbar_3,bears,FasterXML-jackson-databind_241063530-241065840,7259.392,27.358999999999998,0,433.29600000000005,6762.124999999999,452,445536,0,NO,NO,,YES,NO,NO
106,simfix_2,simfix_1,bears,FasterXML-jackson-databind_242268513-242687710,7143.966000000003,29.807,0,6475.306000000003,91.414,7335,7712,0,NO,NO,,NO,NO,NO
107,simfix_2,simfix_2,bears,FasterXML-jackson-databind_242268513-242687710,7261.782999999997,29.807,0,5769.745999999996,914.7910000000011,6602,2240,0,NO,NO,,NO,NO,NO
108,simfix_2,simfix_3,bears,FasterXML-jackson-databind_242268513-242687710,7720.046999999999,29.807,0,687.2089999999994,6455.591999999999,702,445788,0,NO,NO,,NO,NO,NO
109,tbar_2,tbar_1,bears,FasterXML-jackson-databind_242268513-242687710,7198.158000000013,29.828999999999997,0,6536.401000000013,598.6910000000001,6693,71912,0,NO,NO,,YES,NO,NO
110,tbar_2,tbar_2,bears,FasterXML-jackson-databind_242268513-242687710,7204.412000000008,29.828999999999997,0,6039.658000000009,1101.687999999999,6098,2702,0,NO,NO,,YES,NO,NO
111,tbar_2,tbar_3,bears,FasterXML-jackson-databind_242268513-242687710,7445.632999999993,29.828999999999997,0,398.4349999999999,6984.131999999994,466,467016,0,NO,NO,,YES,NO,NO
112,simfix_2,simfix_1,bears,FasterXML-jackson-databind_243509258-243861380,7254.678999999991,17.633000000000003,0,3235.85999999999,3582.1480000000015,3943,1020966,0,NO,NO,,NO,NO,NO
113,simfix_2,simfix_2,bears,FasterXML-jackson-databind_243509258-243861380,5996.000999999997,17.633000000000003,0,4030.7279999999996,1528.601999999998,4976,85001,yes,NO,NO,,NO,NO,NO
114,simfix_2,simfix_3,bears,FasterXML-jackson-databind_243509258-243861380,7549.896999999995,17.633000000000003,0,755.7109999999992,6357.514999999997,1083,651480,0,NO,NO,,NO,NO,NO
115,tbar_2,tbar_1,bears,FasterXML-jackson-databind_243509258-243861380,7219.634999999992,17.599,0,3534.8719999999917,3624.462000000001,4170,1225084,0,NO,NO,,NO,NO,NO
116,tbar_2,tbar_2,bears,FasterXML-jackson-databind_243509258-243861380,6928.773999999983,17.599,0,5178.197999999984,1690.2749999999994,6159,52725,yes,NO,NO,,NO,NO,NO
117,tbar_2,tbar_3,bears,FasterXML-jackson-databind_243509258-243861380,7253.751,17.599,0,407.9859999999999,6785.464000000001,549,564260,0,NO,NO,,NO,NO,NO
118,simfix_2,simfix_1,bears,FasterXML-jackson-databind_247621332-247674379,7152.884000000009,21.756,0,6529.888000000009,0.0,8412,0,0,NO,NO,,NO,NO,NO
119,simfix_2,simfix_2,bears,FasterXML-jackson-databind_247621332-247674379,7288.49700000001,21.756,0,5724.086000000008,941.415000000002,7262,2418,0,NO,NO,,NO,NO,NO
120,simfix_2,simfix_3,bears,FasterXML-jackson-databind_247621332-247674379,7737.800000000001,21.756,0,764.3850000000018,6350.418999999999,1074,657558,0,NO,NO,,NO,NO,NO
121,tbar_2,tbar_1,bears,FasterXML-jackson-databind_247621332-247674379,7199.647999999996,21.783,0,7126.382999999995,0.0,7608,0,0,NO,NO,,YES,NO,NO
122,tbar_2,tbar_2,bears,FasterXML-jackson-databind_247621332-247674379,7214.532999999985,21.783,0,5954.241999999987,1187.0259999999982,6347,2877,0,NO,NO,,YES,NO,NO
123,tbar_2,tbar_3,bears,FasterXML-jackson-databind_247621332-247674379,7266.853999999997,21.783,0,395.67300000000006,6797.9159999999965,522,539946,0,NO,NO,,YES,NO,NO
124,simfix_2,simfix_1,bears,FasterXML-jackson-databind_318458719-318715551,4866.9360000000015,22.907,0,2412.288000000002,2201.355,3128,653248,0,NO,NO,,NO,NO,NO
125,simfix_2,simfix_2,bears,FasterXML-jackson-databind_318458719-318715551,3052.6240000000016,22.907,0,2412.288000000002,387.04300000000023,3128,4427,0,NO,NO,,NO,NO,NO
126,simfix_2,simfix_3,bears,FasterXML-jackson-databind_318458719-318715551,7361.5710000000045,22.907,0,831.7539999999996,6276.524000000005,1134,645841,0,NO,NO,,NO,NO,NO
127,tbar_2,tbar_2,bears,FasterXML-jackson-databind_318458719-318715551,-,-,-,-,-,-,-,-,-,-,-,-,-,-
128,simfix_2,simfix_1,bears,INRIA-spoon_189186902-189233591,7438.2699999999995,180.135,0,1113.7459999999985,6007.847,1292,24195,0,NO,NO,,NO,NO,NO
129,simfix_2,simfix_2,bears,INRIA-spoon_189186902-189233591,7139.266000000006,180.135,0,4541.6760000000095,2280.9129999999946,5438,2076,0,NO,NO,,NO,NO,NO
130,simfix_2,simfix_3,bears,INRIA-spoon_189186902-189233591,7678.5610000000015,180.135,0,81.92299999999997,7279.961,87,31944,0,NO,NO,,NO,NO,NO
131,tbar_2,tbar_1,bears,INRIA-spoon_189186902-189233591,7216.498000000003,180.214,0,1111.160999999999,6076.751000000001,1287,4041,0,NO,NO,,NO,NO,NO
132,tbar_2,tbar_2,bears,INRIA-spoon_189186902-189233591,7200.416000000003,180.214,0,4409.539999999992,2762.290000000008,5193,2521,0,NO,NO,,NO,NO,NO
133,tbar_2,tbar_3,bears,INRIA-spoon_189186902-189233591,7418.693000000004,180.214,0,113.50100000000003,7276.606000000001,118,32912,0,NO,NO,,NO,NO,NO
134,simfix_2,simfix_1,bears,INRIA-spoon_189233636-189234660,7437.6029999999955,179.14000000000001,0,511.72199999999975,6670.482000000001,673,5852,0,NO,NO,,NO,NO,NO
135,simfix_2,simfix_2,bears,INRIA-spoon_189233636-189234660,7159.690999999984,179.14000000000001,0,4285.199999999992,2619.091999999998,4878,2230,0,NO,NO,,NO,NO,NO
136,simfix_2,simfix_3,bears,INRIA-spoon_189233636-189234660,7554.970999999998,179.14000000000001,0,238.08599999999998,7061.486000000003,338,32912,0,NO,NO,,NO,NO,NO
137,tbar_2,tbar_1,bears,INRIA-spoon_189233636-189234660,7674.253999999997,179.11700000000002,0,582.9309999999991,7047.448999999997,715,9513,0,NO,NO,,NO,NO,NO
138,tbar_2,tbar_2,bears,INRIA-spoon_189233636-189234660,7200.761000000013,179.11700000000002,0,3956.131000000011,3200.756000000002,5208,2791,0,NO,NO,,NO,NO,NO
139,tbar_2,tbar_3,bears,INRIA-spoon_189233636-189234660,7256.666,179.11700000000002,0,127.55899999999998,7085.232999999999,116,30976,0,NO,NO,,NO,NO,NO
140,simfix_2,simfix_1,bears,INRIA-spoon_190241093-190241752,7738.209999999997,153.976,0,979.0159999999992,6385.538,1559,29529,0,NO,NO,,NO,NO,NO
141,simfix_2,simfix_2,bears,INRIA-spoon_190241093-190241752,7131.489000000009,153.976,0,4565.630000000012,2192.2029999999977,6851,2298,0,NO,NO,,NO,NO,NO
142,simfix_2,simfix_3,bears,INRIA-spoon_190241093-190241752,7530.485,153.976,0,164.68800000000005,6992.1410000000005,255,35853,0,NO,NO,,NO,NO,NO
143,tbar_2,tbar_1,bears,INRIA-spoon_190241093-190241752,7304.914000000001,153.941,0,1622.7530000000013,5651.373,2409,17172,0,NO,NO,,NO,NO,NO
144,tbar_2,tbar_2,bears,INRIA-spoon_190241093-190241752,7200.087999999997,153.941,0,4491.580999999997,2677.719,6668,2819,0,NO,NO,,NO,NO,NO
145,tbar_2,tbar_3,bears,INRIA-spoon_190241093-190241752,7349.471999999998,153.941,0,96.57000000000001,7222.113999999999,126,38760,0,NO,NO,,NO,NO,NO
146,simfix_2,simfix_1,bears,INRIA-spoon_190241752-190558172,7212.8359999999975,151.033,0,2314.1949999999993,4677.373,3270,15781,0,NO,NO,,NO,NO,NO
147,simfix_2,simfix_2,bears,INRIA-spoon_190241752-190558172,7174.154999999997,151.033,0,2685.3199999999993,4267.566999999999,3786,19862,0,NO,NO,,NO,NO,NO
148,simfix_2,simfix_3,bears,INRIA-spoon_190241752-190558172,7386.387000000001,151.033,0,530.2989999999999,6634.8200000000015,647,34920,0,NO,NO,,NO,NO,NO
149,tbar_2,tbar_1,bears,INRIA-spoon_190241752-190558172,3707.101999999999,151.071,0,681.8020000000007,3012.476000000001,630,10594,yes,NO,YES,630,NO,NO,NO
150,tbar_2,tbar_2,bears,INRIA-spoon_190241752-190558172,2386.8909999999973,151.071,0,681.8020000000007,1692.2649999999992,630,6096,yes,NO,YES,630,NO,NO,NO
151,tbar_2,tbar_3,bears,INRIA-spoon_190241752-190558172,7231.476999999997,151.071,0,83.858,7134.794999999999,108,37830,0,NO,NO,,NO,NO,NO
152,simfix_2,simfix_1,bears,INRIA-spoon_191511078-191595944,2469.1289999999985,229.741,0,17.24000000000002,2427.985,149,6048,0,NO,NO,,NO,NO,NO
153,simfix_2,simfix_2,bears,INRIA-spoon_191511078-191595944,60.241,229.741,0,11.618,48.623,10,1009,0,NO,NO,,NO,YES,NO
154,simfix_2,simfix_3,bears,INRIA-spoon_191511078-191595944,1702.403999999998,229.741,0,17.24000000000002,1661.2599999999998,149,6895,0,NO,NO,,NO,NO,NO
155,tbar_2,tbar_1,bears,INRIA-spoon_191511078-191595944,702.2740000000003,229.717,0,103.35999999999997,596.0619999999999,83,1803,yes,NO,YES,83,NO,NO,NO
156,tbar_2,tbar_2,bears,INRIA-spoon_191511078-191595944,292.5850000000001,229.717,0,8.353,283.399,9,1005,yes,NO,YES,9,NO,NO,NO
157,tbar_2,tbar_3,bears,INRIA-spoon_191511078-191595944,1119.818,229.717,0,8.353,1110.6319999999998,9,5910,yes,NO,NO,,NO,NO,NO
158,simfix_2,simfix_1,bears,INRIA-spoon_192604168-192969999,155.019,188.518,0,21.546000000000003,110.237,136,432,0,NO,NO,,NO,NO,NO
159,simfix_2,simfix_2,bears,INRIA-spoon_192604168-192969999,24.507000000000083,188.518,0,9.481,8.087,11,990,0,NO,NO,,NO,YES,NO
160,simfix_2,simfix_3,bears,INRIA-spoon_192604168-192969999,1236.2970000000003,188.518,0,21.546000000000003,1191.515,136,4930,0,NO,NO,,NO,NO,NO
161,tbar_2,tbar_1,bears,INRIA-spoon_192604168-192969999,13.226999999999999,188.565,0,6.469999999999999,6.757,10,5,yes,NO,YES,10,NO,NO,NO
162,tbar_2,tbar_2,bears,INRIA-spoon_192604168-192969999,229.237,188.565,0,6.469999999999999,222.767,10,990,yes,NO,YES,10,NO,NO,NO
163,tbar_2,tbar_3,bears,INRIA-spoon_192604168-192969999,7261.5639999999985,188.565,0,113.98600000000002,7144.512999999999,116,33524,yes,NO,YES,10,NO,NO,NO
164,simfix_2,simfix_1,bears,INRIA-spoon_192969999-193004144,99.6630000000003,252.617,0,60.509999999999984,32.017,43,22,yes,NO,YES,43,NO,NO,NO
165,simfix_2,simfix_2,bears,INRIA-spoon_192969999-193004144,395.7890000000003,252.617,0,60.509999999999984,328.14300000000003,43,995,yes,NO,YES,43,NO,NO,NO
166,simfix_2,simfix_3,bears,INRIA-spoon_192969999-193004144,7442.268999999999,252.617,0,108.28699999999996,7310.645999999999,81,17766,yes,NO,YES,43,NO,NO,NO
167,tbar_2,tbar_1,bears,INRIA-spoon_192969999-193004144,78.25499999999998,252.778,0,62.503999999999984,12.411999999999999,44,8,yes,NO,YES,44,NO,NO,NO
168,tbar_2,tbar_2,bears,INRIA-spoon_192969999-193004144,342.16099999999994,252.778,0,62.503999999999984,276.318,44,991,yes,NO,YES,44,NO,NO,NO
169,tbar_2,tbar_3,bears,INRIA-spoon_192969999-193004144,7391.126000000002,252.778,0,117.63299999999995,7269.105000000001,92,25662,yes,NO,YES,44,NO,NO,NO
170,simfix_2,simfix_1,bears,INRIA-spoon_193004144-193023299,7444.3499999999985,267.963,0,38.660000000000004,7201.174999999999,31,3892,0,NO,NO,,NO,NO,NO
171,simfix_2,simfix_2,bears,INRIA-spoon_193004144-193023299,7160.13899999999,267.963,0,4260.008999999991,2695.6150000000002,3304,1558,0,NO,NO,,NO,NO,NO
172,simfix_2,simfix_3,bears,INRIA-spoon_193004144-193023299,7557.334999999999,267.963,0,164.92100000000002,7187.898999999999,133,22701,0,NO,NO,,NO,NO,NO
173,tbar_2,tbar_1,bears,INRIA-spoon_193004144-193023299,7284.477,268.278,0,568.3760000000003,6678.980999999999,189,558,0,NO,NO,,NO,NO,NO
174,tbar_2,tbar_2,bears,INRIA-spoon_193004144-193023299,7199.441999999997,268.278,0,3178.083999999997,3984.2380000000003,747,469,0,NO,NO,,NO,NO,NO
175,tbar_2,tbar_3,bears,INRIA-spoon_193004144-193023299,7761.308,268.278,0,174.63100000000003,7549.556999999999,87,18753,0,NO,NO,,NO,NO,NO
176,simfix_2,simfix_1,bears,INRIA-spoon_196963859-196966996,7287.957000000002,222.88600000000002,0,375.28199999999987,6753.937999999998,351,6563,0,NO,NO,,NO,NO,NO
177,simfix_2,simfix_2,bears,INRIA-spoon_196963859-196966996,3112.446000000006,222.88600000000002,0,1686.9530000000004,1266.7560000000017,1616,2643,yes,NO,NO,,NO,NO,NO
178,simfix_2,simfix_3,bears,INRIA-spoon_196963859-196966996,7532.241000000004,222.88600000000002,0,96.31400000000005,7277.19,94,25896,0,NO,NO,,NO,NO,NO
179,tbar_2,tbar_1,bears,INRIA-spoon_196963859-196966996,7207.922999999999,222.997,0,544.5330000000007,6654.79,482,4985,0,NO,NO,,NO,NO,NO
180,tbar_2,tbar_2,bears,INRIA-spoon_196963859-196966996,7352.499999999996,222.997,0,856.6900000000007,6487.209999999997,747,17362,0,NO,NO,,NO,NO,NO
181,tbar_2,tbar_3,bears,INRIA-spoon_196963859-196966996,7324.032999999998,222.997,0,137.61899999999997,7177.813999999999,101,25896,0,NO,NO,,NO,NO,NO
182,simfix_2,simfix_1,bears,INRIA-spoon_197673696-197674087,7403.417000000003,246.782,0,220.50499999999994,7030.166000000001,207,6529,0,NO,NO,,NO,NO,NO
183,simfix_2,simfix_2,bears,INRIA-spoon_197673696-197674087,7254.601000000004,246.782,0,2032.6270000000022,5069.228,1640,11730,0,NO,NO,,NO,NO,NO
184,simfix_2,simfix_3,bears,INRIA-spoon_197673696-197674087,7508.537,246.782,0,96.47199999999998,7259.318999999999,78,26026,0,NO,NO,,NO,NO,NO
185,tbar_2,tbar_1,bears,INRIA-spoon_197673696-197674087,7858.787000000001,246.839,0,959.8910000000004,6879.421,763,11955,0,NO,NO,,NO,NO,NO
186,tbar_2,tbar_2,bears,INRIA-spoon_197673696-197674087,6742.5220000000045,246.839,0,2645.3190000000045,4077.728,2428,10357,yes,NO,YES,2428,NO,NO,NO
187,tbar_2,tbar_3,bears,INRIA-spoon_197673696-197674087,8146.680000000002,246.839,0,150.61400000000003,7976.591000000001,100,25025,0,NO,NO,,NO,NO,NO
188,simfix_2,simfix_1,bears,INRIA-spoon_197674087-198523383,7275.729999999997,249.761,0,123.76999999999997,7116.696,121,3803,0,NO,NO,,NO,NO,NO
189,simfix_2,simfix_2,bears,INRIA-spoon_197674087-198523383,1019.9799999999966,249.761,0,569.0959999999995,415.62,580,1299,yes,NO,NO,,NO,NO,NO
190,simfix_2,simfix_3,bears,INRIA-spoon_197674087-198523383,7386.190999999998,249.761,0,94.77699999999996,7256.150000000001,98,25050,0,NO,NO,,NO,NO,NO
191,tbar_2,tbar_1,bears,INRIA-spoon_197674087-198523383,7381.852000000003,249.34900000000002,0,295.96000000000004,7059.433,274,3416,0,NO,NO,,NO,NO,NO
192,tbar_2,tbar_2,bears,INRIA-spoon_197674087-198523383,7200.590000000006,249.34900000000002,0,4273.5580000000045,2900.5729999999985,4217,1955,0,NO,NO,,NO,NO,NO
193,tbar_2,tbar_3,bears,INRIA-spoon_197674087-198523383,7232.273000000002,249.34900000000002,0,126.63000000000002,7079.183999999999,101,26052,0,NO,NO,,NO,NO,NO
194,simfix_2,simfix_1,bears,INRIA-spoon_199972949-199993301,7277.317000000002,232.814,0,1014.9380000000004,6165.987000000002,753,4448,0,NO,NO,,NO,NO,NO
195,simfix_2,simfix_2,bears,INRIA-spoon_199972949-199993301,7183.597999999999,232.814,0,1253.4759999999997,5833.73,969,4827,0,NO,NO,,NO,NO,NO
196,simfix_2,simfix_3,bears,INRIA-spoon_199972949-199993301,7272.788999999999,232.814,0,142.336,7034.060999999999,129,25125,0,NO,NO,,NO,NO,NO
197,tbar_2,tbar_1,bears,INRIA-spoon_199972949-199993301,87.00600000000001,232.837,0,16.757,70.24900000000001,16,24,yes,NO,YES,16,NO,NO,NO
198,tbar_2,tbar_2,bears,INRIA-spoon_199972949-199993301,348.232,232.837,0,16.757,331.475,16,1026,yes,NO,YES,16,NO,NO,NO
199,tbar_2,tbar_3,bears,INRIA-spoon_199972949-199993301,7204.689999999999,232.837,0,49.245000000000005,7153.466999999999,44,26130,yes,NO,YES,16,NO,NO,NO
200,simfix_2,simfix_1,bears,INRIA-spoon_199993301-200108848,7150.7469999999985,256.511,0,5024.717999999998,1785.6550000000002,3956,3986,0,NO,NO,,NO,NO,NO
201,simfix_2,simfix_2,bears,INRIA-spoon_199993301-200108848,7227.984999999994,256.511,0,4139.698999999994,2747.912,3376,3995,0,NO,NO,,NO,NO,NO
202,simfix_2,simfix_3,bears,INRIA-spoon_199993301-200108848,7509.401000000002,256.511,0,222.21199999999988,6946.815000000001,243,25700,0,NO,NO,,NO,NO,NO
203,tbar_2,tbar_1,bears,INRIA-spoon_199993301-200108848,7207.8080000000045,256.577,0,2232.9570000000035,4948.376,1801,56151,0,NO,NO,,NO,NO,NO
204,tbar_2,tbar_2,bears,INRIA-spoon_199993301-200108848,7202.541000000008,256.577,0,3461.265000000009,3714.800999999999,2875,5880,0,NO,NO,,NO,NO,NO
205,tbar_2,tbar_3,bears,INRIA-spoon_199993301-200108848,7299.6320000000005,256.577,0,45.25500000000001,7227.902,53,27756,0,NO,NO,,NO,NO,NO
206,simfix_2,simfix_2,bears,INRIA-spoon_201940544-203101555,-,-,-,-,-,-,-,-,-,-,-,-,-,-
207,tbar_2,tbar_1,bears,INRIA-spoon_201940544-203101555,7217.828000000002,273.4,0,1976.4540000000027,5220.447999999999,1321,8664,0,NO,NO,,NO,NO,NO
208,tbar_2,tbar_2,bears,INRIA-spoon_201940544-203101555,377.41300000000007,273.4,0,18.12,356.985,16,1057,yes,NO,YES,16,NO,NO,NO
209,tbar_2,tbar_3,bears,INRIA-spoon_201940544-203101555,1927.0069999999998,273.4,0,18.12,1906.579,16,8176,yes,NO,NO,,NO,NO,NO
210,simfix_2,simfix_2,bears,INRIA-spoon_204567691-207361743,-,-,-,-,-,-,-,-,-,-,-,-,-,-
211,simfix_2,simfix_2,bears,INRIA-spoon_210079209-210080599,-,-,-,-,-,-,-,-,-,-,-,-,-,-
212,tbar_2,tbar_1,bears,INRIA-spoon_210079209-210080599,7501.611000000001,132.831,0,25.148999999999994,7475.083,68,1251,0,NO,NO,,NO,NO,NO
213,tbar_2,tbar_2,bears,INRIA-spoon_210079209-210080599,286.803000000001,132.831,0,85.15699999999994,200.267,189,2079,yes,NO,YES,189,NO,NO,NO
214,tbar_2,tbar_3,bears,INRIA-spoon_210079209-210080599,7765.801,132.831,0,25.148999999999994,7739.272999999999,68,9243,0,NO,NO,,NO,NO,NO
215,simfix_2,simfix_1,bears,INRIA-spoon_211086222-211090498,7462.236,131.355,0,774.5739999999994,6286.584,632,24134,0,NO,NO,,NO,NO,NO
216,simfix_2,simfix_2,bears,INRIA-spoon_211086222-211090498,7131.894999999996,131.355,0,4393.488999999994,2337.328000000002,3644,2546,0,NO,NO,,NO,NO,NO
217,simfix_2,simfix_3,bears,INRIA-spoon_211086222-211090498,7639.6100000000015,131.355,0,158.184,7080.348000000001,144,40092,0,NO,NO,,NO,NO,NO
218,tbar_2,tbar_2,bears,INRIA-spoon_211086222-211090498,-,-,-,-,-,-,-,-,-,-,-,-,-,-
219,simfix_2,simfix_1,bears,INRIA-spoon_211090498-211342085,7469.358,110.682,0,1033.7339999999995,6008.384000000001,987,34377,0,NO,NO,,NO,NO,NO
220,simfix_2,simfix_2,bears,INRIA-spoon_211090498-211342085,7146.042999999998,110.682,0,4917.678,1801.124999999998,3940,1325,0,NO,NO,,NO,NO,NO
221,simfix_2,simfix_3,bears,INRIA-spoon_211090498-211342085,7613.776,110.682,0,174.50600000000003,7012.03,188,45276,0,NO,NO,,NO,NO,NO
222,tbar_2,tbar_1,bears,INRIA-spoon_211090498-211342085,7279.192999999999,110.761,0,2049.643999999998,5203.957000000001,1996,83039,0,YES,NO,,NO,NO,NO
223,tbar_2,tbar_2,bears,INRIA-spoon_211090498-211342085,7201.114999999994,110.761,0,4048.308999999993,3127.2140000000013,3917,2410,0,YES,NO,,NO,NO,NO
224,tbar_2,tbar_3,bears,INRIA-spoon_211090498-211342085,1171.698,110.761,0,15.739000000000003,1155.959,17,4116,yes,YES,NO,,NO,NO,NO
225,simfix_2,simfix_1,bears,INRIA-spoon_211342085-211425556,7289.292000000003,109.5,0,2868.9650000000024,4009.0029999999997,2278,17366,0,NO,NO,,NO,NO,NO
226,simfix_2,simfix_2,bears,INRIA-spoon_211342085-211425556,7141.189000000009,109.5,0,4647.305000000006,2082.5600000000027,3862,2580,0,NO,NO,,NO,NO,NO
227,simfix_2,simfix_3,bears,INRIA-spoon_211342085-211425556,7683.277000000003,109.5,0,163.39000000000007,7108.563000000001,141,37116,0,NO,NO,,NO,NO,NO
228,tbar_2,tbar_1,bears,INRIA-spoon_211342085-211425556,7360.335000000005,109.451,0,1214.7670000000005,6119.041000000002,1015,40882,0,NO,NO,,NO,NO,NO
229,tbar_2,tbar_2,bears,INRIA-spoon_211342085-211425556,7200.775000000009,109.451,0,3911.201999999999,3263.0460000000085,3554,4256,0,NO,NO,,NO,NO,NO
230,tbar_2,tbar_3,bears,INRIA-spoon_211342085-211425556,8106.112000000003,109.451,0,38.943999999999996,8040.6410000000005,45,9279,0,NO,NO,,NO,NO,NO
231,simfix_2,simfix_1,bears,INRIA-spoon_213996751-215500998,7225.894999999997,110.337,0,6134.856999999995,516.521,5357,5398,0,NO,NO,,NO,NO,NO
232,simfix_2,simfix_2,bears,INRIA-spoon_213996751-215500998,7307.759999999994,110.337,0,4858.701999999991,1874.5410000000008,4238,1482,0,NO,NO,,NO,NO,NO
233,simfix_2,simfix_3,bears,INRIA-spoon_213996751-215500998,7833.037,110.337,0,204.46199999999996,7054.057999999999,231,42640,0,NO,NO,,NO,NO,NO
234,tbar_2,tbar_2,bears,INRIA-spoon_213996751-215500998,-,-,-,-,-,-,-,-,-,-,-,-,-,-
235,simfix_2,simfix_2,bears,INRIA-spoon_218213030-221992429,-,-,-,-,-,-,-,-,-,-,-,-,-,-
236,tbar_2,tbar_1,bears,INRIA-spoon_218213030-221992429,7313.406999999999,214.032,0,244.8940000000001,7032.7159999999985,228,3085,0,NO,NO,,NO,NO,NO
237,tbar_2,tbar_2,bears,INRIA-spoon_218213030-221992429,7200.308999999998,214.032,0,4422.318999999996,2742.1930000000025,3914,2105,0,NO,NO,,NO,NO,NO
238,tbar_2,tbar_3,bears,INRIA-spoon_218213030-221992429,7344.222,214.032,0,76.05400000000002,7232.370999999999,60,39824,0,NO,NO,,NO,NO,NO
239,simfix_2,simfix_1,bears,INRIA-spoon_225344336-226528821,7381.238999999998,220.421,0,107.55399999999995,7068.531999999997,97,10112,0,NO,NO,,NO,NO,NO
240,simfix_2,simfix_2,bears,INRIA-spoon_225344336-226528821,3896.5970000000066,220.421,0,2566.0290000000055,1125.4150000000006,2098,1802,yes,NO,NO,,NO,NO,NO
241,simfix_2,simfix_3,bears,INRIA-spoon_225344336-226528821,7446.941000000002,220.421,0,69.26899999999996,7172.519000000001,68,39146,0,NO,NO,,NO,NO,NO
242,tbar_2,tbar_1,bears,INRIA-spoon_225344336-226528821,7293.189999999999,220.522,0,328.7140000000001,6933.896,355,5458,0,NO,NO,,NO,NO,NO
243,tbar_2,tbar_2,bears,INRIA-spoon_225344336-226528821,7200.958999999999,220.522,0,3933.556000000004,3236.8229999999962,4144,6417,0,NO,NO,,NO,NO,NO
244,tbar_2,tbar_3,bears,INRIA-spoon_225344336-226528821,7297.370000000001,220.522,0,59.284,7207.506000000002,71,46552,0,NO,NO,,NO,NO,NO
245,simfix_2,simfix_1,bears,INRIA-spoon_227073271-228362442,7835.504999999998,190.074,0,606.7420000000001,6994.186999999998,942,20988,0,NO,NO,,NO,NO,NO
246,simfix_2,simfix_2,bears,INRIA-spoon_227073271-228362442,2831.764000000003,190.074,0,2133.4560000000024,463.73200000000037,3088,1547,yes,NO,NO,,NO,NO,NO
247,simfix_2,simfix_3,bears,INRIA-spoon_227073271-228362442,7431.575999999998,190.074,0,401.53200000000004,6795.467999999998,624,60420,0,NO,NO,,NO,NO,NO
248,tbar_2,tbar_1,bears,INRIA-spoon_227073271-228362442,7323.193000000001,190.22500000000002,0,1063.0669999999998,6221.7480000000005,1056,26163,0,NO,NO,,NO,NO,NO
249,tbar_2,tbar_2,bears,INRIA-spoon_227073271-228362442,7201.230000000016,190.22500000000002,0,4286.461000000016,2876.3910000000005,4089,1899,0,NO,NO,,NO,NO,NO
250,tbar_2,tbar_3,bears,INRIA-spoon_227073271-228362442,7281.877000000001,190.22500000000002,0,170.26599999999996,7073.233000000001,173,46640,0,NO,NO,,NO,NO,NO
251,simfix_2,simfix_2,bears,INRIA-spoon_228371032-228407512,-,-,-,-,-,-,-,-,-,-,-,-,-,-
252,tbar_2,tbar_1,bears,INRIA-spoon_228371032-228407512,21.1119999999999,173.334,0,13.82,5.968,18,8,yes,NO,YES,18,NO,NO,NO
253,tbar_2,tbar_2,bears,INRIA-spoon_228371032-228407512,168.3819999999999,173.334,0,13.82,153.238,18,1065,yes,NO,YES,18,NO,NO,NO
254,tbar_2,tbar_3,bears,INRIA-spoon_228371032-228407512,928.1999999999999,173.334,0,13.82,913.056,18,6360,yes,NO,YES,18,NO,NO,NO
255,simfix_2,simfix_1,bears,INRIA-spoon_228407512-228634633,7393.960000000004,170.055,0,505.46399999999977,6669.307,494,8863,0,NO,NO,,NO,NO,NO
256,simfix_2,simfix_2,bears,INRIA-spoon_228407512-228634633,6724.203999999995,170.055,0,3873.1859999999965,2631.8289999999943,3937,2936,yes,NO,NO,,NO,NO,NO
257,simfix_2,simfix_3,bears,INRIA-spoon_228407512-228634633,7464.619000000004,170.055,0,215.94499999999994,7029.485000000001,259,47745,0,NO,NO,,NO,NO,NO
258,tbar_2,tbar_1,bears,INRIA-spoon_228407512-228634633,69.813,170.241,0,3.6049999999999995,65.081,4,106,yes,NO,NO,,NO,NO,NO
259,tbar_2,tbar_2,bears,INRIA-spoon_228407512-228634633,2941.9310000000023,170.241,0,1885.1530000000016,1197.7580000000012,1798,1681,yes,NO,YES,9987,NO,NO,NO
260,tbar_2,tbar_3,bears,INRIA-spoon_228407512-228634633,7141.831999999999,170.241,0,174.16700000000006,7108.6449999999995,165,48806,0,NO,NO,,NO,NO,NO
261,simfix_2,simfix_1,bears,INRIA-spoon_228634633-228649848,7494.223000000001,161.421,0,1143.9440000000004,5940.098,1310,34571,0,NO,NO,,NO,NO,NO
262,simfix_2,simfix_2,bears,INRIA-spoon_228634633-228649848,6554.689000000007,161.421,0,4622.10500000001,1522.4029999999966,5392,2627,yes,NO,NO,,NO,NO,NO
263,simfix_2,simfix_3,bears,INRIA-spoon_228634633-228649848,7651.276,161.421,0,210.95599999999985,7030.138999999999,319,53100,0,NO,NO,,NO,NO,NO
264,tbar_2,tbar_1,bears,INRIA-spoon_228634633-228649848,1085.3559999999989,161.512,0,412.3839999999998,663.9680000000003,458,3732,yes,NO,NO,,NO,NO,NO
265,tbar_2,tbar_2,bears,INRIA-spoon_228634633-228649848,598.5209999999986,161.512,0,412.3839999999998,177.13300000000004,458,1236,yes,NO,NO,,NO,NO,NO
266,tbar_2,tbar_3,bears,INRIA-spoon_228634633-228649848,7265.215999999999,161.512,0,75.544,7180.668000000001,98,53100,0,NO,NO,,NO,NO,NO
267,simfix_2,simfix_1,bears,INRIA-spoon_232723487-232809734,7492.428000000002,166.96,0,1395.3900000000012,5718.948,1296,35567,0,NO,NO,,NO,NO,NO
268,simfix_2,simfix_2,bears,INRIA-spoon_232723487-232809734,7158.220999999999,166.96,0,5530.402999999998,1249.728,6670,2548,0,NO,NO,,NO,NO,NO
269,simfix_2,simfix_3,bears,INRIA-spoon_232723487-232809734,7561.661,166.96,0,635.0299999999999,6548.541,564,46948,0,NO,NO,,NO,NO,NO
270,tbar_2,tbar_1,bears,INRIA-spoon_232723487-232809734,7268.102000000006,167.353,0,772.9179999999985,6451.723000000006,747,39745,0,NO,NO,,NO,NO,NO
271,tbar_2,tbar_2,bears,INRIA-spoon_232723487-232809734,4599.650000000001,167.353,0,2930.837999999998,1625.351000000001,2829,3995,yes,NO,NO,,NO,NO,NO
272,tbar_2,tbar_3,bears,INRIA-spoon_232723487-232809734,7385.223000000002,167.353,0,115.12800000000007,7226.634000000001,97,57618,0,NO,NO,,NO,NO,NO
273,simfix_2,simfix_1,bears,INRIA-spoon_234113323-234113988,105.304,164.87800000000001,0,5.048,93.477,7,216,yes,NO,YES,7,NO,NO,NO
274,simfix_2,simfix_2,bears,INRIA-spoon_234113323-234113988,146.694,164.87800000000001,0,5.048,134.867,7,1079,yes,NO,YES,7,NO,NO,NO
275,simfix_2,simfix_3,bears,INRIA-spoon_234113323-234113988,7207.332000000002,164.87800000000001,0,73.17499999999997,7118.2490000000025,79,61503,yes,NO,YES,7,NO,NO,NO
276,tbar_2,tbar_1,bears,INRIA-spoon_234113323-234113988,48.31399999999927,164.972,0,20.631,26.397000000000002,32,70,yes,NO,YES,32,NO,NO,NO
277,tbar_2,tbar_2,bears,INRIA-spoon_234113323-234113988,722.6569999999992,164.972,0,20.631,700.74,32,6492,yes,NO,YES,32,NO,NO,NO
278,tbar_2,tbar_3,bears,INRIA-spoon_234113323-234113988,2790.270999999999,164.972,0,20.631,2768.354,32,25896,yes,NO,YES,32,NO,NO,NO
279,simfix_2,simfix_1,bears,INRIA-spoon_234612953-235302726,7467.029000000002,143.354,0,498.35300000000035,6736.0830000000005,787,19426,0,NO,NO,,NO,NO,NO
280,simfix_2,simfix_2,bears,INRIA-spoon_234612953-235302726,4496.9,143.354,0,2002.4159999999997,2261.890999999998,3195,11362,yes,NO,NO,,NO,NO,NO
281,simfix_2,simfix_3,bears,INRIA-spoon_234612953-235302726,7434.414000000001,143.354,0,103.43399999999998,7098.386999999999,159,64920,0,NO,NO,,NO,NO,NO
282,tbar_2,tbar_1,bears,INRIA-spoon_234612953-235302726,7226.919000000002,143.29,0,1387.7360000000017,5819.635000000001,2155,14858,0,NO,NO,,NO,NO,NO
283,tbar_2,tbar_2,bears,INRIA-spoon_234612953-235302726,7200.225999999995,143.29,0,2753.3059999999978,4427.3719999999985,4190,23320,0,NO,NO,,NO,NO,NO
284,tbar_2,tbar_3,bears,INRIA-spoon_234612953-235302726,7231.561999999998,143.29,0,35.9,7176.114,67,64920,0,NO,NO,,NO,NO,NO
285,simfix_2,simfix_1,bears,INRIA-spoon_237078306-237089137,7361.419999999997,137.107,0,1364.2009999999975,5847.388,2184,13824,0,NO,NO,,NO,NO,NO
286,simfix_2,simfix_2,bears,INRIA-spoon_237078306-237089137,2685.2179999999976,137.107,0,1754.4559999999979,780.9309999999999,2796,4437,yes,NO,YES,2796,NO,NO,NO
287,simfix_2,simfix_3,bears,INRIA-spoon_237078306-237089137,7395.436999999999,137.107,0,77.61200000000001,7167.993999999999,116,65040,0,NO,NO,,NO,NO,NO
288,tbar_2,tbar_1,bears,INRIA-spoon_237078306-237089137,7210.238000000003,137.305,0,1966.4290000000021,5218.1370000000015,3208,11434,0,NO,NO,,NO,NO,NO
289,tbar_2,tbar_2,bears,INRIA-spoon_237078306-237089137,7200.23099999999,137.305,0,3784.5379999999923,3390.0209999999984,4931,19866,0,NO,NO,,NO,NO,NO
290,tbar_2,tbar_3,bears,INRIA-spoon_237078306-237089137,7332.834,137.305,0,166.39700000000002,7140.765,248,65040,0,NO,NO,,NO,NO,NO
291,simfix_2,simfix_1,bears,INRIA-spoon_237133219-237187910,137.1909999999997,206.221,0,88.68799999999999,30.085,89,119,0,NO,NO,,NO,YES,NO
292,simfix_2,simfix_2,bears,INRIA-spoon_237133219-237187910,126.71299999999968,206.221,0,88.68799999999999,19.607,89,1103,0,NO,NO,,NO,YES,NO
293,simfix_2,simfix_3,bears,INRIA-spoon_237133219-237187910,2812.846,206.221,0,98.92100000000018,2683.6620000000003,319,17408,0,NO,NO,,NO,NO,NO
294,tbar_2,tbar_1,bears,INRIA-spoon_237133219-237187910,7213.144999999997,206.392,0,1631.7669999999969,5564.093999999998,2173,28624,0,NO,NO,,NO,NO,NO
295,tbar_2,tbar_2,bears,INRIA-spoon_237133219-237187910,7200.032999999996,206.392,0,2205.083999999991,4977.665000000004,3066,34138,0,NO,NO,,NO,NO,NO
296,tbar_2,tbar_3,bears,INRIA-spoon_237133219-237187910,7251.941000000001,206.392,0,98.22200000000002,7136.4349999999995,113,53312,0,NO,NO,,NO,NO,NO
297,simfix_2,simfix_1,bears,INRIA-spoon_237507053-237511642,7289.314000000004,153.684,0,946.5680000000007,6199.089000000004,1351,16886,0,NO,NO,,NO,NO,NO
298,simfix_2,simfix_2,bears,INRIA-spoon_237507053-237511642,2571.915,153.684,0,1475.8320000000008,952.4260000000002,2338,1804,0,NO,NO,,NO,NO,NO
299,simfix_2,simfix_3,bears,INRIA-spoon_237507053-237511642,7399.918999999998,153.684,0,166.31500000000003,7089.946999999999,228,53410,0,NO,NO,,NO,NO,NO
300,tbar_2,tbar_1,bears,INRIA-spoon_237507053-237511642,7246.3269999999975,153.68200000000002,0,1941.6129999999991,5285.153999999999,2957,9813,0,NO,NO,,YES,NO,NO
301,tbar_2,tbar_2,bears,INRIA-spoon_237507053-237511642,7200.233999999986,153.68200000000002,0,2256.154000000001,4924.519999999985,3440,3466,0,NO,NO,,YES,NO,NO
302,tbar_2,tbar_3,bears,INRIA-spoon_237507053-237511642,7269.494999999999,153.68200000000002,0,65.47000000000004,7184.464999999999,109,64310,0,NO,NO,,YES,NO,NO
303,simfix_2,simfix_1,bears,INRIA-spoon_237627560-237821366,3772.437000000002,137.451,0,1193.3800000000028,2496.6730000000002,1491,8318,0,NO,NO,,NO,NO,NO
304,simfix_2,simfix_2,bears,INRIA-spoon_237627560-237821366,3864.784999999999,137.451,0,1190.7759999999987,2599.5539999999996,1399,4479,0,NO,NO,,NO,YES,NO
305,simfix_2,simfix_3,bears,INRIA-spoon_237627560-237821366,7350.057,137.451,0,75.73800000000004,7191.935,96,66734,0,NO,NO,,NO,NO,NO
306,tbar_2,tbar_1,bears,INRIA-spoon_237627560-237821366,7300.163000000001,137.599,0,755.6459999999997,6515.697000000001,729,16481,0,NO,NO,,NO,NO,NO
307,tbar_2,tbar_2,bears,INRIA-spoon_237627560-237821366,7200.0969999999925,137.599,0,4028.5539999999933,3142.722999999999,4491,8165,0,NO,NO,,NO,NO,NO
308,tbar_2,tbar_3,bears,INRIA-spoon_237627560-237821366,7296.605000000001,137.599,0,74.90099999999997,7192.884000000001,76,57982,0,NO,NO,,NO,NO,NO
309,simfix_2,simfix_1,bears,INRIA-spoon_238234811-238235509,61.51199999999819,137.008,0,38.81700000000007,0.0,158,0,0,NO,NO,,NO,NO,NO
310,simfix_2,simfix_2,bears,INRIA-spoon_238234811-238235509,70.62999999999911,137.008,0,35.49199999999998,26.519,56,1153,0,NO,NO,,NO,YES,NO
311,simfix_2,simfix_3,bears,INRIA-spoon_238234811-238235509,3535.744999999998,137.008,0,38.81700000000007,3474.233,158,32850,0,NO,NO,,NO,NO,NO
312,tbar_2,tbar_1,bears,INRIA-spoon_238234811-238235509,7313.715999999995,137.232,0,6059.227999999996,1196.5929999999998,6051,12260,0,NO,NO,,YES,NO,NO
313,tbar_2,tbar_2,bears,INRIA-spoon_238234811-238235509,7240.065999999993,137.232,0,1451.0989999999972,5731.071999999997,1558,1456,0,NO,NO,,YES,NO,NO
314,tbar_2,tbar_3,bears,INRIA-spoon_238234811-238235509,7381.727999999998,137.232,0,46.004000000000005,7277.829,65,53655,0,NO,NO,,YES,NO,NO
315,simfix_2,simfix_1,bears,INRIA-spoon_239865488-239871875,7343.507000000002,171.246,0,2232.4370000000026,4872.613,3112,41036,0,NO,NO,,NO,NO,NO
316,simfix_2,simfix_2,bears,INRIA-spoon_239865488-239871875,4056.514,171.246,0,3138.2769999999996,679.7800000000009,4240,1553,0,NO,NO,,NO,NO,NO
317,simfix_2,simfix_3,bears,INRIA-spoon_239865488-239871875,7505.149999999999,171.246,0,97.54499999999997,7169.147999999999,96,53753,0,NO,NO,,NO,NO,NO
318,tbar_2,tbar_1,bears,INRIA-spoon_239865488-239871875,4996.014000000003,171.312,0,4308.525000000004,657.455,6556,7602,yes,NO,NO,,NO,NO,NO
319,tbar_2,tbar_2,bears,INRIA-spoon_239865488-239871875,5554.469000000005,171.312,0,4308.525000000004,1215.910000000001,6556,4248,yes,NO,NO,,NO,NO,NO
320,tbar_2,tbar_3,bears,INRIA-spoon_239865488-239871875,7257.281000000001,171.312,0,141.13999999999996,7086.107000000002,198,57044,0,NO,NO,,NO,NO,NO
321,simfix_2,simfix_1,bears,INRIA-spoon_239871875-239928671,350.9130000000015,180.277,0,279.65099999999984,59.986000000000004,393,225,0,NO,NO,,NO,NO,NO
322,simfix_2,simfix_2,bears,INRIA-spoon_239871875-239928671,332.7790000000015,180.277,0,279.65099999999984,41.85199999999999,393,62,0,NO,NO,,NO,NO,NO
323,simfix_2,simfix_3,bears,INRIA-spoon_239871875-239928671,4402.425000000002,180.277,0,279.65099999999984,4111.4980000000005,393,34069,0,NO,NO,,NO,NO,NO
324,tbar_2,tbar_1,bears,INRIA-spoon_239871875-239928671,87.02700000000011,180.43599999999998,0,43.458,42.17,44,150,0,NO,NO,,NO,YES,NO
325,tbar_2,tbar_2,bears,INRIA-spoon_239871875-239928671,72.25300000000011,180.43599999999998,0,43.458,27.396,44,1133,0,NO,NO,,NO,YES,NO
326,tbar_2,tbar_3,bears,INRIA-spoon_239871875-239928671,7245.224999999475,180.43599999999998,0,3834.569999999468,2677.3269999999998,115699,19782,0,NO,NO,,NO,NO,NO
327,simfix_2,simfix_1,bears,INRIA-spoon_240253890-240366857,1725.138,140.863,0,32.473,1685.287,39,3322,0,NO,NO,,NO,YES,NO
328,simfix_2,simfix_2,bears,INRIA-spoon_240253890-240366857,81.96500000000003,140.863,0,32.473,42.114000000000004,39,1193,0,NO,NO,,NO,YES,NO
329,simfix_2,simfix_3,bears,INRIA-spoon_240253890-240366857,3012.660000000001,140.863,0,37.95299999999997,2951.9000000000005,213,26424,0,NO,NO,,NO,NO,NO
330,tbar_2,tbar_1,bears,INRIA-spoon_240253890-240366857,7224.814999999998,140.904,0,1125.4860000000008,6064.0679999999975,1364,11773,0,NO,NO,,NO,NO,NO
331,tbar_2,tbar_2,bears,INRIA-spoon_240253890-240366857,7237.162,140.904,0,3606.729000000003,3595.1719999999978,4670,6752,0,NO,NO,,NO,NO,NO
332,tbar_2,tbar_3,bears,INRIA-spoon_240253890-240366857,7283.344,140.904,0,68.05099999999996,7180.032,104,64959,0,NO,NO,,NO,NO,NO
333,simfix_2,simfix_1,bears,INRIA-spoon_240675027-240677764,7362.894000000004,139.422,0,133.135,7202.766,199,14443,0,NO,NO,,NO,NO,NO
334,simfix_2,simfix_2,bears,INRIA-spoon_240675027-240677764,921.7920000000047,139.422,0,555.6670000000003,339.1320000000001,826,1776,yes,NO,NO,,NO,NO,NO
335,simfix_2,simfix_3,bears,INRIA-spoon_240675027-240677764,7250.424000000004,139.422,0,221.15900000000016,7002.271999999999,341,67222,0,NO,NO,,NO,NO,NO
336,tbar_2,tbar_1,bears,INRIA-spoon_240675027-240677764,7432.751000000002,139.559,0,362.1919999999996,7039.425000000003,608,9879,0,NO,NO,,NO,NO,NO
337,tbar_2,tbar_2,bears,INRIA-spoon_240675027-240677764,7200.361999999974,139.559,0,4355.270999999978,2813.9569999999967,7696,5862,0,NO,NO,,NO,NO,NO
338,tbar_2,tbar_3,bears,INRIA-spoon_240675027-240677764,7298.523000000003,139.559,0,197.71200000000005,7069.677000000003,287,66120,0,NO,NO,,NO,NO,NO
339,simfix_2,simfix_1,bears,INRIA-spoon_241091669-241205460,7324.927999999997,234.697,0,150.65999999999997,7134.5,125,8307,0,NO,NO,,NO,NO,NO
340,simfix_2,simfix_2,bears,INRIA-spoon_241091669-241205460,1628.6379999999974,234.697,0,982.3540000000003,606.5160000000001,822,1437,yes,NO,NO,,NO,NO,NO
341,simfix_2,simfix_3,bears,INRIA-spoon_241091669-241205460,7228.718999999996,234.697,0,191.31499999999997,6997.6359999999995,158,28704,0,NO,NO,,NO,NO,NO
342,tbar_2,tbar_1,bears,INRIA-spoon_241091669-241205460,7239.093,235.129,0,303.14199999999977,6904.654999999999,264,5365,0,NO,NO,,NO,NO,NO
343,tbar_2,tbar_2,bears,INRIA-spoon_241091669-241205460,7200.592999999986,235.129,0,3974.3559999999916,3194.9409999999934,3450,1846,0,NO,NO,,NO,NO,NO
344,tbar_2,tbar_3,bears,INRIA-spoon_241091669-241205460,7286.2570000000005,235.129,0,194.63600000000005,7060.324999999999,149,36432,0,NO,NO,,NO,NO,NO
345,simfix_2,simfix_2,bears,INRIA-spoon_244508852-244943489,-,-,-,-,-,-,-,-,-,-,-,-,-,-
346,tbar_2,tbar_1,bears,INRIA-spoon_244508852-244943489,7335.495000000003,236.096,0,77.12199999999999,7232.064000000001,77,2600,0,NO,NO,,NO,NO,NO
347,tbar_2,tbar_2,bears,INRIA-spoon_244508852-244943489,6330.834999999993,236.096,0,3825.205999999995,2479.319999999996,3576,2679,yes,NO,NO,,NO,NO,NO
348,tbar_2,tbar_3,bears,INRIA-spoon_244508852-244943489,7390.947999999999,236.096,0,56.79799999999999,7307.8409999999985,56,43680,0,NO,NO,,NO,NO,NO
349,simfix_2,simfix_1,bears,INRIA-spoon_245681314-245682273,7364.481000000001,225.672,0,96.82199999999997,7202.214,81,11720,0,NO,NO,,NO,NO,NO
350,simfix_2,simfix_2,bears,INRIA-spoon_245681314-245682273,1897.556,225.672,0,1072.6979999999994,759.413,1010,2057,yes,NO,NO,,NO,NO,NO
351,simfix_2,simfix_3,bears,INRIA-spoon_245681314-245682273,7348.970999999999,225.672,0,85.52099999999997,7198.004999999998,67,40500,0,NO,NO,,NO,NO,NO
352,tbar_2,tbar_2,bears,INRIA-spoon_245681314-245682273,-,-,-,-,-,-,-,-,-,-,-,-,-,-
353,simfix_2,simfix_1,bears,INRIA-spoon_245682273-245809519,7264.059,241.20600000000002,0,545.1429999999999,6558.009999999998,505,15672,0,NO,NO,,NO,NO,NO
354,simfix_2,simfix_2,bears,INRIA-spoon_245682273-245809519,1937.4290000000012,241.20600000000002,0,1056.6859999999997,719.8369999999998,1024,2745,yes,NO,NO,,NO,NO,NO
355,simfix_2,simfix_3,bears,INRIA-spoon_245682273-245809519,7331.1690000000035,241.20600000000002,0,122.523,7047.740000000002,111,38386,0,NO,NO,,NO,NO,NO
356,tbar_2,tbar_1,bears,INRIA-spoon_245682273-245809519,7217.933999999997,240.913,0,1261.96,5943.460999999999,1137,16537,0,NO,NO,,NO,NO,NO
357,tbar_2,tbar_2,bears,INRIA-spoon_245682273-245809519,7202.006000000001,240.913,0,1722.8209999999995,5466.672000000005,1514,3928,0,NO,NO,,NO,NO,NO
358,tbar_2,tbar_3,bears,INRIA-spoon_245682273-245809519,7264.244999999998,240.913,0,47.92400000000001,7203.808000000001,46,42902,0,NO,NO,,NO,NO,NO
359,simfix_2,simfix_1,bears,INRIA-spoon_246175274-246195936,7218.1330000000025,249.21,0,96.046,7100.774999999997,95,5865,0,NO,NO,,NO,NO,NO
360,simfix_2,simfix_2,bears,INRIA-spoon_246175274-246195936,1640.8610000000053,249.21,0,690.1090000000004,929.4399999999999,636,1536,yes,NO,NO,,NO,NO,NO
361,simfix_2,simfix_3,bears,INRIA-spoon_246175274-246195936,7370.467000000006,249.21,0,56.386999999999986,7292.768000000001,61,45160,0,NO,NO,,NO,NO,NO
362,tbar_2,tbar_1,bears,INRIA-spoon_246175274-246195936,7255.474999999999,249.15400000000002,0,219.48300000000003,7007.393000000002,214,5245,0,NO,NO,,NO,NO,NO
363,tbar_2,tbar_2,bears,INRIA-spoon_246175274-246195936,7200.577999999995,249.15400000000002,0,3277.623999999996,3894.355000000002,2764,1619,0,NO,NO,,NO,NO,NO
364,tbar_2,tbar_3,bears,INRIA-spoon_246175274-246195936,7258.528999999998,249.15400000000002,0,62.799000000000014,7167.131,61,42902,0,NO,NO,,NO,NO,NO
365,simfix_2,simfix_1,bears,INRIA-spoon_246216583-246226768,7302.7980000000025,256.223,0,4453.6630000000005,2385.7030000000013,4015,11565,0,NO,NO,,NO,NO,NO
366,simfix_2,simfix_2,bears,INRIA-spoon_246216583-246226768,7154.2699999999895,256.223,0,5839.425999999989,851.4119999999999,5166,1651,0,NO,NO,,NO,NO,NO
367,simfix_2,simfix_3,bears,INRIA-spoon_246216583-246226768,7653.274,256.223,0,348.3330000000003,6841.508999999999,320,37290,0,NO,NO,,NO,NO,NO
368,tbar_2,tbar_1,bears,INRIA-spoon_246216583-246226768,7238.453000000005,256.295,0,1070.6549999999993,6115.954000000004,873,23172,0,NO,NO,,NO,NO,NO
369,tbar_2,tbar_2,bears,INRIA-spoon_246216583-246226768,7199.837999999994,256.295,0,4574.206999999995,2573.786999999998,3892,2997,0,NO,NO,,NO,NO,NO
370,tbar_2,tbar_3,bears,INRIA-spoon_246216583-246226768,7351.395000000001,256.295,0,226.47099999999998,7073.080000000001,197,41810,0,NO,NO,,NO,NO,NO
371,simfix_2,simfix_1,bears,INRIA-spoon_247837075-247951830,7719.6320000000005,200.36499999999998,0,638.6130000000004,6755.467,622,6022,0,NO,NO,,NO,NO,NO
372,simfix_2,simfix_2,bears,INRIA-spoon_247837075-247951830,5086.800000000006,200.36499999999998,0,3461.9450000000056,1299.303,2897,3546,yes,NO,NO,,NO,NO,NO
373,simfix_2,simfix_3,bears,INRIA-spoon_247837075-247951830,7467.807999999999,200.36499999999998,0,349.61900000000014,6792.636999999999,352,39725,0,NO,NO,,NO,NO,NO
374,tbar_2,tbar_2,bears,INRIA-spoon_247837075-247951830,-,-,-,-,-,-,-,-,-,-,-,-,-,-
375,simfix_2,simfix_1,bears,INRIA-spoon_248403517-248678183,7177.456000000015,7.254,0,6975.599000000016,18.81,4893,373,0,NO,NO,,NO,NO,NO
376,simfix_2,simfix_2,bears,INRIA-spoon_248403517-248678183,2122.870999999999,7.254,0,1558.3629999999998,481.8069999999996,1129,1387,yes,NO,NO,,NO,NO,NO
377,simfix_2,simfix_3,bears,INRIA-spoon_248403517-248678183,7501.007999999998,7.254,0,617.0659999999999,6700.894999999999,526,59080,0,NO,NO,,NO,NO,NO
378,tbar_2,tbar_1,bears,INRIA-spoon_248403517-248678183,7201.926999999984,7.307,0,6913.148999999984,264.023,5657,1749,0,NO,NO,,NO,NO,NO
379,tbar_2,tbar_2,bears,INRIA-spoon_248403517-248678183,3435.299000000002,7.307,0,2291.911000000002,1131.753,2107,2559,yes,NO,NO,,NO,NO,NO
380,tbar_2,tbar_3,bears,INRIA-spoon_248403517-248678183,7337.065000000002,7.307,0,126.72400000000002,7185.586000000002,110,32072,0,NO,NO,,NO,NO,NO
381,simfix_2,simfix_1,bears,INRIA-spoon_249529059-249603843,7176.307000000006,7.549,0,6982.8620000000055,3.8870000000000005,5385,322,0,NO,NO,,NO,NO,NO
382,simfix_2,simfix_2,bears,INRIA-spoon_249529059-249603843,2087.6920000000014,7.549,0,1477.6720000000005,529.7600000000002,1129,1387,yes,NO,NO,,NO,NO,NO
383,simfix_2,simfix_3,bears,INRIA-spoon_249529059-249603843,7452.675,7.549,0,638.5490000000005,6624.567999999998,526,59080,0,NO,NO,,NO,NO,NO
384,tbar_2,tbar_1,bears,INRIA-spoon_249529059-249603843,7201.16100000002,7.4670000000000005,0,6995.892000000018,183.142,4631,1494,0,NO,NO,,NO,NO,NO
385,tbar_2,tbar_2,bears,INRIA-spoon_249529059-249603843,4302.986000000005,7.4670000000000005,0,2625.2190000000023,1665.5960000000014,2107,2559,yes,NO,NO,,NO,NO,NO
386,tbar_2,tbar_3,bears,INRIA-spoon_249529059-249603843,7361.586000000003,7.4670000000000005,0,116.35799999999999,7223.101000000001,116,34604,0,NO,NO,,NO,NO,NO
387,simfix_2,simfix_1,bears,INRIA-spoon_254745624-256471804,7172.1879999999865,8.838000000000001,0,6970.073999999985,0.0,6454,0,0,NO,NO,,NO,NO,NO
388,simfix_2,simfix_2,bears,INRIA-spoon_254745624-256471804,1717.827000000003,8.838000000000001,0,1264.6300000000017,374.4210000000003,1135,1389,yes,NO,NO,,NO,NO,NO
389,simfix_2,simfix_3,bears,INRIA-spoon_254745624-256471804,8378.411000000002,8.838000000000001,0,616.8020000000002,7559.495000000001,541,65988,0,NO,NO,,NO,NO,NO
390,tbar_2,tbar_1,bears,INRIA-spoon_254745624-256471804,7199.940000000012,8.829,0,7007.644000000013,166.128,6114,1498,0,NO,NO,,NO,NO,NO
391,tbar_2,tbar_2,bears,INRIA-spoon_254745624-256471804,3506.6839999999975,8.829,0,2248.9599999999987,1246.1579999999992,2107,2561,yes,NO,NO,,NO,NO,NO
392,tbar_2,tbar_3,bears,INRIA-spoon_254745624-256471804,7376.269999999999,8.829,0,109.963,7240.138999999999,117,35532,0,NO,NO,,NO,NO,NO
393,simfix_2,simfix_1,bears,INRIA-spoon_259378726-259664281,7178.405000000011,7.077999999999999,0,6979.013000000011,0.0,6458,0,0,NO,NO,,NO,NO,NO
394,simfix_2,simfix_2,bears,INRIA-spoon_259378726-259664281,1598.9280000000008,7.077999999999999,0,1134.7730000000008,389.7009999999996,1135,2478,yes,NO,NO,,NO,NO,NO
395,simfix_2,simfix_3,bears,INRIA-spoon_259378726-259664281,7416.010999999998,7.077999999999999,0,548.6409999999995,6667.977999999998,553,75561,0,NO,NO,,NO,NO,NO
396,tbar_2,tbar_1,bears,INRIA-spoon_259378726-259664281,7200.816000000027,7.066,0,6994.450000000027,181.277,5978,1504,0,NO,NO,,NO,NO,NO
397,tbar_2,tbar_2,bears,INRIA-spoon_259378726-259664281,3726.900999999998,7.066,0,2303.2050000000013,1412.0579999999964,2107,5994,yes,NO,NO,,NO,NO,NO
398,tbar_2,tbar_3,bears,INRIA-spoon_259378726-259664281,7301.663999999998,7.066,0,115.85199999999996,7160.722999999998,105,28017,0,NO,NO,,NO,NO,NO
399,simfix_2,simfix_1,bears,INRIA-spoon_259664281-259695141,7180.618000000008,6.099,0,7001.906000000008,0.0,4722,0,0,NO,NO,,NO,NO,NO
400,simfix_2,simfix_2,bears,INRIA-spoon_259664281-259695141,1838.0390000000011,6.099,0,1297.6340000000014,469.6810000000001,1135,1393,yes,NO,NO,,NO,NO,NO
401,simfix_2,simfix_3,bears,INRIA-spoon_259664281-259695141,7335.623000000003,6.099,0,504.9510000000006,6651.960000000003,553,75650,0,NO,NO,,NO,NO,NO
402,tbar_2,tbar_1,bears,INRIA-spoon_259664281-259695141,7201.029999999983,6.089,0,6990.400999999983,184.81300000000002,6292,1506,0,NO,NO,,NO,NO,NO
403,tbar_2,tbar_2,bears,INRIA-spoon_259664281-259695141,3511.145000000007,6.089,0,2271.8900000000062,1227.8830000000005,2107,2565,yes,NO,NO,,NO,NO,NO
404,tbar_2,tbar_3,bears,INRIA-spoon_259664281-259695141,7274.464000000001,6.089,0,121.02900000000001,7127.619,98,25500,0,NO,NO,,NO,NO,NO
405,simfix_2,simfix_2,bears,INRIA-spoon_260087947-260197957,-,-,-,-,-,-,-,-,-,-,-,-,-,-
406,tbar_2,tbar_1,bears,INRIA-spoon_260087947-260197957,7199.850000000006,6.340000000000001,0,6989.253000000005,184.891,6150,1510,0,NO,NO,,NO,NO,NO
407,tbar_2,tbar_2,bears,INRIA-spoon_260087947-260197957,673.6560000000004,6.340000000000001,0,385.0040000000001,283.3960000000001,413,1101,yes,NO,NO,,NO,NO,NO
408,tbar_2,tbar_3,bears,INRIA-spoon_260087947-260197957,7384.410000000001,6.340000000000001,0,113.303,7245.401000000001,116,34932,0,NO,NO,,NO,NO,NO
409,simfix_2,simfix_1,bears,INRIA-spoon_260612138-265581135,7184.369000000011,5.789000000000001,0,6992.4000000000115,0.0,5802,0,0,NO,NO,,NO,NO,NO
410,simfix_2,simfix_2,bears,INRIA-spoon_260612138-265581135,2247.416,5.789000000000001,0,1537.8740000000007,631.2440000000004,1135,1396,yes,NO,NO,,NO,NO,NO
411,simfix_2,simfix_3,bears,INRIA-spoon_260612138-265581135,7407.016999999995,5.789000000000001,0,527.1369999999998,6687.910999999996,556,77623,0,NO,NO,,NO,NO,NO
412,tbar_2,tbar_1,bears,INRIA-spoon_260612138-265581135,7200.314999999982,5.793,0,6990.112999999982,185.11,5824,1512,0,NO,NO,,NO,NO,NO
413,tbar_2,tbar_2,bears,INRIA-spoon_260612138-265581135,4448.429999999995,5.793,0,2386.398999999998,2050.1329999999966,2107,5976,yes,NO,NO,,NO,NO,NO
414,tbar_2,tbar_3,bears,INRIA-spoon_260612138-265581135,7241.892999999999,5.793,0,113.12799999999999,7103.673,113,34120,0,NO,NO,,NO,NO,NO
415,simfix_2,simfix_1,bears,INRIA-spoon_270437105-270439051,7182.037999999967,6.716,0,7000.041999999967,0.0,5452,0,0,NO,NO,,NO,NO,NO
416,simfix_2,simfix_2,bears,INRIA-spoon_270437105-270439051,1896.2070000000003,6.716,0,1282.2630000000001,542.1410000000002,1139,1947,yes,NO,NO,,NO,NO,NO
417,simfix_2,simfix_3,bears,INRIA-spoon_270437105-270439051,7499.712,6.716,0,555.3389999999999,6762.377,560,77670,0,NO,NO,,NO,NO,NO
418,tbar_2,tbar_1,bears,INRIA-spoon_270437105-270439051,7200.078000000005,6.6739999999999995,0,6970.568000000005,204.523,6299,1532,0,NO,NO,,NO,NO,NO
419,tbar_2,tbar_2,bears,INRIA-spoon_270437105-270439051,485.28700000000003,6.6739999999999995,0,171.593,309.86199999999997,212,1039,yes,NO,YES,212,NO,NO,NO
420,tbar_2,tbar_3,bears,INRIA-spoon_270437105-270439051,7344.360000000001,6.6739999999999995,0,116.52200000000003,7202.851000000001,126,37972,0,NO,NO,,NO,NO,NO
421,simfix_2,simfix_1,bears,INRIA-spoon_270439051-271649592,7181.0600000000095,5.154,0,6973.612000000009,0.0,9389,0,0,NO,NO,,NO,NO,NO
422,simfix_2,simfix_2,bears,INRIA-spoon_270439051-271649592,1325.850000000001,5.154,0,1066.269000000001,195.12400000000005,1139,1949,yes,NO,NO,,NO,NO,NO
423,simfix_2,simfix_3,bears,INRIA-spoon_270439051-271649592,7359.467000000001,5.154,0,512.7109999999993,6639.308000000001,596,93420,0,NO,NO,,NO,NO,NO
424,tbar_2,tbar_1,bears,INRIA-spoon_270439051-271649592,7199.733000000012,5.155,0,7011.623000000012,160.861,7341,1536,0,NO,NO,,NO,NO,NO
425,tbar_2,tbar_2,bears,INRIA-spoon_270439051-271649592,2543.511999999999,5.155,0,1938.831999999998,594.5680000000015,2107,4295,yes,NO,NO,,NO,NO,NO
426,tbar_2,tbar_3,bears,INRIA-spoon_270439051-271649592,7278.394999999999,5.155,0,96.58799999999998,7154.558,127,38925,0,NO,NO,,NO,NO,NO
427,simfix_2,simfix_1,bears,INRIA-spoon_271649592-272084174,7183.526999999964,4.865,0,6986.716999999964,0.0,7792,0,0,NO,NO,,NO,NO,NO
428,simfix_2,simfix_2,bears,INRIA-spoon_271649592-272084174,1445.7849999999983,4.865,0,1017.2239999999987,364.9270000000001,1139,1408,yes,NO,NO,,NO,NO,NO
429,simfix_2,simfix_3,bears,INRIA-spoon_271649592-272084174,7399.11,4.865,0,473.64299999999946,6728.657000000001,582,96992,0,NO,NO,,NO,NO,NO
430,tbar_2,tbar_1,bears,INRIA-spoon_271649592-272084174,7200.298999999982,4.86,0,7012.209999999982,159.571,7662,1538,0,NO,NO,,NO,NO,NO
431,tbar_2,tbar_2,bears,INRIA-spoon_271649592-272084174,3268.2169999999987,4.86,0,2037.8339999999973,1219.7180000000005,2107,2581,yes,NO,NO,,NO,NO,NO
432,tbar_2,tbar_3,bears,INRIA-spoon_271649592-272084174,7303.2869999999975,4.86,0,102.09299999999995,7172.675999999998,131,40702,0,NO,NO,,NO,NO,NO
433,simfix_2,simfix_1,bears,INRIA-spoon_272467827-272468614,7182.2329999999765,5.303,0,6990.702999999977,0.0,7165,0,0,NO,NO,,NO,NO,NO
434,simfix_2,simfix_2,bears,INRIA-spoon_272467827-272468614,1572.3129999999992,5.303,0,1000.9099999999991,508.7050000000002,1139,3580,yes,NO,NO,,NO,NO,NO
435,simfix_2,simfix_3,bears,INRIA-spoon_272467827-272468614,7433.696000000001,5.303,0,438.5789999999999,6803.587000000001,584,99180,0,NO,NO,,NO,NO,NO
436,tbar_2,tbar_2,bears,INRIA-spoon_272467827-272468614,-,-,-,-,-,-,-,-,-,-,-,-,-,-
437,simfix_2,simfix_1,bears,INRIA-spoon_277315604-277340707,7185.011000000036,3.4040000000000004,0,6986.420000000035,0.0,8771,0,0,NO,NO,,NO,NO,NO
438,simfix_2,simfix_2,bears,INRIA-spoon_277315604-277340707,1212.934000000002,3.4040000000000004,0,861.411000000001,296.88000000000005,1139,1413,yes,NO,NO,,NO,NO,NO
439,simfix_2,simfix_3,bears,INRIA-spoon_277315604-277340707,7424.257000000002,3.4040000000000004,0,405.23499999999984,6820.431000000001,595,108004,0,NO,NO,,NO,NO,NO
440,tbar_2,tbar_1,bears,INRIA-spoon_277315604-277340707,7199.921000000025,3.427,0,7037.783000000024,133.682,8242,1548,0,NO,NO,,NO,NO,NO
441,tbar_2,tbar_2,bears,INRIA-spoon_277315604-277340707,2703.2139999999986,3.427,0,1719.6869999999992,974.249999999999,2107,2586,yes,NO,NO,,NO,NO,NO
442,tbar_2,tbar_3,bears,INRIA-spoon_277315604-277340707,7319.5070000000005,3.427,0,96.62299999999999,7194.428000000001,132,41808,0,NO,NO,,NO,NO,NO
443,simfix_2,simfix_2,bears,spring-projects-spring-data-commons_185852074-193313389,-,-,-,-,-,-,-,-,-,-,-,-,-,-
444,tbar_2,tbar_2,bears,spring-projects-spring-data-commons_185852074-193313389,-,-,-,-,-,-,-,-,-,-,-,-,-,-
445,simfix_2,simfix_2,bears,spring-projects-spring-data-commons_193313395-193356189,-,-,-,-,-,-,-,-,-,-,-,-,-,-
446,tbar_2,tbar_2,bears,spring-projects-spring-data-commons_193313395-193356189,-,-,-,-,-,-,-,-,-,-,-,-,-,-
447,simfix_2,simfix_2,bears,spring-projects-spring-data-commons_193356189-194423789,-,-,-,-,-,-,-,-,-,-,-,-,-,-
448,tbar_2,tbar_2,bears,spring-projects-spring-data-commons_193356189-194423789,-,-,-,-,-,-,-,-,-,-,-,-,-,-
449,simfix_2,simfix_2,bears,spring-projects-spring-data-commons_240714544-241322094,-,-,-,-,-,-,-,-,-,-,-,-,-,-
450,tbar_2,tbar_2,bears,spring-projects-spring-data-commons_240714544-241322094,-,-,-,-,-,-,-,-,-,-,-,-,-,-
451,simfix_2,simfix_2,bears,spring-projects-spring-data-commons_254354007-255142407,-,-,-,-,-,-,-,-,-,-,-,-,-,-
452,tbar_2,tbar_2,bears,spring-projects-spring-data-commons_254354007-255142407,-,-,-,-,-,-,-,-,-,-,-,-,-,-
453,simfix_2,simfix_2,bears,spring-projects-spring-data-commons_263410130-263513297,-,-,-,-,-,-,-,-,-,-,-,-,-,-
454,tbar_2,tbar_2,bears,spring-projects-spring-data-commons_263410130-263513297,-,-,-,-,-,-,-,-,-,-,-,-,-,-
455,simfix_2,simfix_2,bears,spring-projects-spring-data-commons_264284792-264335430,-,-,-,-,-,-,-,-,-,-,-,-,-,-
456,tbar_2,tbar_2,bears,spring-projects-spring-data-commons_264284792-264335430,-,-,-,-,-,-,-,-,-,-,-,-,-,-
457,simfix_2,simfix_2,bears,spring-projects-spring-data-commons_271991482-272568125,-,-,-,-,-,-,-,-,-,-,-,-,-,-
458,tbar_2,tbar_2,bears,spring-projects-spring-data-commons_271991482-272568125,-,-,-,-,-,-,-,-,-,-,-,-,-,-
459,simfix_2,simfix_1,bears,spring-projects-spring-data-commons_279152312-279418526,354.52699999999993,30.228,0,140.40999999999994,199.704,115,25342,0,NO,NO,,NO,NO,NO
460,simfix_2,simfix_2,bears,spring-projects-spring-data-commons_279152312-279418526,166.14399999999995,30.228,0,140.40999999999994,11.321000000000002,115,93,0,NO,NO,,NO,NO,NO
461,simfix_2,simfix_3,bears,spring-projects-spring-data-commons_279152312-279418526,952.257,30.228,0,140.40999999999994,797.434,115,69564,0,NO,NO,,NO,NO,NO
462,tbar_2,tbar_1,bears,spring-projects-spring-data-commons_279152312-279418526,978.1179999999996,30.167,0,345.8459999999999,629.7609999999999,307,75622,0,NO,NO,,NO,NO,NO
463,tbar_2,tbar_2,bears,spring-projects-spring-data-commons_279152312-279418526,402.9599999999998,30.167,0,345.8459999999999,54.602999999999994,307,471,0,NO,NO,,NO,NO,NO
464,tbar_2,tbar_3,bears,spring-projects-spring-data-commons_279152312-279418526,4116.282000000001,30.167,0,345.8459999999999,3767.925000000001,307,352308,0,NO,NO,,NO,NO,NO
465,simfix_2,simfix_1,bears,spring-projects-spring-data-commons_279460664-280335206,2719.715,26.575999999999997,0,1076.4779999999996,1595.0100000000004,771,187166,0,NO,NO,,NO,NO,NO
466,simfix_2,simfix_2,bears,spring-projects-spring-data-commons_279460664-280335206,1262.4569999999997,26.575999999999997,0,1076.4779999999996,137.75200000000004,771,122,0,NO,NO,,NO,NO,NO
467,simfix_2,simfix_3,bears,spring-projects-spring-data-commons_279460664-280335206,4028.3410000000003,26.575999999999997,0,1076.4779999999996,2903.636000000001,771,274500,0,NO,NO,,NO,NO,NO
468,tbar_2,tbar_2,bears,spring-projects-spring-data-commons_279460664-280335206,-,-,-,-,-,-,-,-,-,-,-,-,-,-
469,simfix_2,simfix_2,bears,spring-projects-spring-data-commons_286617333-287128429,-,-,-,-,-,-,-,-,-,-,-,-,-,-
470,tbar_2,tbar_2,bears,spring-projects-spring-data-commons_286617333-287128429,-,-,-,-,-,-,-,-,-,-,-,-,-,-
471,simfix_2,simfix_1,bears,spring-projects-spring-data-commons_289903133-292475109,1984.415,28.3,0,49.723,1926.842,31,16597,yes,NO,YES,31,NO,NO,NO
472,simfix_2,simfix_2,bears,spring-projects-spring-data-commons_289903133-292475109,4154.2560000000085,28.3,0,3839.270000000009,174.45400000000004,2678,3696,yes,NO,YES,31,NO,NO,NO
473,simfix_2,simfix_3,bears,spring-projects-spring-data-commons_289903133-292475109,7304.671,28.3,0,1228.6820000000002,5935.457,773,345876,yes,NO,YES,31,NO,NO,NO
474,tbar_2,tbar_1,bears,spring-projects-spring-data-commons_289903133-292475109,4044.792,28.119,0,471.43899999999985,3568.654000000001,281,269891,yes,NO,YES,281,NO,NO,NO
475,tbar_2,tbar_2,bears,spring-projects-spring-data-commons_289903133-292475109,7201.058000000014,28.119,0,6609.737000000014,564.1850000000004,4573,12426,yes,NO,YES,281,NO,NO,NO
476,tbar_2,tbar_3,bears,spring-projects-spring-data-commons_289903133-292475109,7220.112,28.119,0,1018.2399999999999,6174.736000000001,595,336528,yes,NO,YES,281,NO,NO,NO
477,simfix_2,simfix_2,bears,spring-projects-spring-data-commons_303079759-303439729,-,-,-,-,-,-,-,-,-,-,-,-,-,-
478,tbar_2,tbar_2,bears,spring-projects-spring-data-commons_303079759-303439729,-,-,-,-,-,-,-,-,-,-,-,-,-,-
479,simfix_2,simfix_2,bears,spring-projects-spring-data-commons_323136560-323139345,-,-,-,-,-,-,-,-,-,-,-,-,-,-
480,tbar_2,tbar_2,bears,spring-projects-spring-data-commons_323136560-323139345,-,-,-,-,-,-,-,-,-,-,-,-,-,-
481,simfix_2,simfix_1,bears,traccar-traccar_188473748-188474474,7195.736999999998,7.031,0,4616.109999999993,2508.8349999999964,3678,7706,0,NO,NO,,NO,NO,NO
482,simfix_2,simfix_2,bears,traccar-traccar_188473748-188474474,7197.557000000001,7.031,0,4635.912999999994,2490.851999999998,3692,2364,0,NO,NO,,NO,NO,NO
483,simfix_2,simfix_3,bears,traccar-traccar_188473748-188474474,7244.4390000000085,7.031,0,2262.335,4911.312,1717,209440,0,NO,NO,,NO,NO,NO
484,tbar_2,tbar_1,bears,traccar-traccar_188473748-188474474,2066.6319999999996,7.018,0,1258.7949999999998,801.272,907,3039,yes,NO,NO,,NO,NO,NO
485,tbar_2,tbar_2,bears,traccar-traccar_188473748-188474474,2045.7140000000009,7.018,0,1258.7949999999998,780.3540000000011,907,917,yes,NO,NO,,NO,NO,NO
486,tbar_2,tbar_3,bears,traccar-traccar_188473748-188474474,3439.390999999998,7.018,0,1258.7949999999998,2174.030999999998,907,155456,yes,NO,NO,,NO,NO,NO
487,simfix_2,simfix_1,bears,traccar-traccar_190843415-191103948,7967.032000000003,9.313,0,1222.804,6692.877000000004,1093,3997,0,NO,NO,,NO,NO,NO
488,simfix_2,simfix_2,bears,traccar-traccar_190843415-191103948,4257.601999999995,9.313,0,1798.5609999999988,2407.6899999999973,1641,799,0,NO,NO,,NO,NO,NO
489,simfix_2,simfix_3,bears,traccar-traccar_190843415-191103948,5681.059999999996,9.313,0,1798.5609999999988,3831.1479999999983,1641,180574,0,NO,NO,,NO,NO,NO
490,tbar_2,tbar_1,bears,traccar-traccar_190843415-191103948,884.3219999999999,9.009,0,378.836,501.5749999999999,331,1947,0,NO,NO,,NO,NO,NO
491,tbar_2,tbar_2,bears,traccar-traccar_190843415-191103948,877.6850000000002,9.009,0,378.836,494.93800000000016,331,286,0,NO,NO,,NO,NO,NO
492,tbar_2,tbar_3,bears,traccar-traccar_190843415-191103948,1399.6909999999998,9.009,0,378.836,1016.9439999999996,331,64636,0,NO,NO,,NO,NO,NO
493,simfix_2,simfix_1,bears,traccar-traccar_195128524-195455832,13.693000000000003,8.088,0,4.462,2.9,4,6,yes,NO,NO,,NO,NO,NO
494,simfix_2,simfix_2,bears,traccar-traccar_195128524-195455832,16.196000000000005,8.088,0,4.462,5.4030000000000005,4,229,yes,NO,NO,,NO,NO,NO
495,simfix_2,simfix_3,bears,traccar-traccar_195128524-195455832,18.344,8.088,0,4.462,7.551,4,681,yes,NO,NO,,NO,NO,NO
496,tbar_2,tbar_1,bears,traccar-traccar_195128524-195455832,14.536999999999999,7.909,0,9.439,4.039,9,4,yes,NO,NO,,NO,NO,NO
497,tbar_2,tbar_2,bears,traccar-traccar_195128524-195455832,17.59,7.909,0,9.439,7.092,9,230,yes,NO,NO,,NO,NO,NO
498,tbar_2,tbar_3,bears,traccar-traccar_195128524-195455832,21.94,7.909,0,9.439,11.442000000000002,9,908,yes,NO,NO,,NO,NO,NO
499,simfix_2,simfix_1,bears,traccar-traccar_198464113-198488474,299.8159999999999,8.64,0,238.31099999999998,43.42,188,117,yes,NO,NO,,NO,NO,NO
500,simfix_2,simfix_2,bears,traccar-traccar_198464113-198488474,299.8719999999999,8.64,0,238.31099999999998,43.476,188,268,yes,NO,NO,,NO,NO,NO
501,simfix_2,simfix_3,bears,traccar-traccar_198464113-198488474,370.0529999999999,8.64,0,238.31099999999998,113.65700000000001,188,9348,yes,NO,NO,,NO,NO,NO
502,tbar_2,tbar_1,bears,traccar-traccar_198464113-198488474,467.53499999999974,8.429,0,352.72599999999983,109.044,247,229,yes,NO,NO,,NO,NO,NO
503,tbar_2,tbar_2,bears,traccar-traccar_198464113-198488474,474.60699999999974,8.429,0,352.72599999999983,116.11599999999999,247,336,yes,NO,NO,,NO,NO,NO
504,tbar_2,tbar_3,bears,traccar-traccar_198464113-198488474,665.5639999999999,8.429,0,352.72599999999983,307.0730000000001,247,24852,yes,NO,NO,,NO,NO,NO
505,simfix_2,simfix_1,bears,traccar-traccar_201008628-201013389,7196.8299999999845,7.522,0,7058.326000000005,125.81700000000001,2219,372,0,NO,NO,,NO,NO,NO
506,simfix_2,simfix_2,bears,traccar-traccar_201008628-201013389,7207.964999999981,7.522,0,4124.289000000001,3070.9890000000005,1644,1552,0,NO,NO,,NO,NO,NO
507,simfix_2,simfix_3,bears,traccar-traccar_201008628-201013389,7209.415999999979,7.522,0,2157.2599999999998,5039.468999999999,1178,251097,0,NO,NO,,NO,NO,NO
508,tbar_2,tbar_1,bears,traccar-traccar_201008628-201013389,7198.814999999986,8.71,0,4292.347999999992,2875.458999999994,2622,12902,0,NO,NO,,NO,NO,NO
509,tbar_2,tbar_2,bears,traccar-traccar_201008628-201013389,7198.58699999999,8.71,0,4305.169999999991,2862.4089999999987,2633,2279,0,NO,NO,,NO,NO,NO
510,tbar_2,tbar_3,bears,traccar-traccar_201008628-201013389,7206.415999999999,8.71,0,2609.4539999999984,4565.954000000001,1224,240933,0,NO,NO,,NO,NO,NO
511,simfix_2,simfix_1,bears,traccar-traccar_207561899-207563891,7193.647000000015,8.369,0,7124.181000000011,0.0,6079,0,0,NO,NO,,NO,NO,NO
512,simfix_2,simfix_2,bears,traccar-traccar_207561899-207563891,7227.639000000003,8.369,0,4820.801999999992,2337.3710000000065,4209,7134,0,NO,NO,,NO,NO,NO
513,simfix_2,simfix_3,bears,traccar-traccar_207561899-207563891,7227.30900000001,8.369,0,3618.367999999997,3539.475000000008,3187,339801,0,NO,NO,,NO,NO,NO
514,tbar_2,tbar_1,bears,traccar-traccar_207561899-207563891,7200.227999999979,7.862,0,7172.981999999981,0.0,6104,0,0,NO,NO,,NO,NO,NO
515,tbar_2,tbar_2,bears,traccar-traccar_207561899-207563891,7209.010999999999,7.862,0,4424.789000000002,2756.975999999998,3650,7824,0,NO,NO,,NO,NO,NO
516,tbar_2,tbar_3,bears,traccar-traccar_207561899-207563891,7217.328000000005,7.862,0,2792.511000000004,4397.571000000003,2324,391776,0,NO,NO,,NO,NO,NO
517,simfix_2,simfix_1,bears,traccar-traccar_212058933-212061222,5194.259999999995,8.964,0,3478.2229999999945,1596.9999999999998,3575,5051,yes,NO,NO,,NO,NO,NO
518,simfix_2,simfix_2,bears,traccar-traccar_212058933-212061222,5199.959999999995,8.964,0,3478.2229999999945,1602.6999999999994,3575,1876,yes,NO,NO,,NO,NO,NO
519,simfix_2,simfix_3,bears,traccar-traccar_212058933-212061222,7211.463999999998,8.964,0,3258.364999999997,3834.062000000001,3335,354744,0,NO,NO,,NO,NO,NO
520,tbar_2,tbar_1,bears,traccar-traccar_212058933-212061222,2488.3590000000013,8.862,0,1462.7900000000009,1019.0619999999999,1347,4628,yes,NO,NO,,NO,NO,NO
521,tbar_2,tbar_2,bears,traccar-traccar_212058933-212061222,2489.4530000000004,8.862,0,1462.7900000000009,1020.1559999999994,1347,1261,yes,NO,NO,,NO,NO,NO
522,tbar_2,tbar_3,bears,traccar-traccar_212058933-212061222,4105.968000000001,8.862,0,1462.7900000000009,2636.6709999999994,1347,240552,yes,NO,NO,,NO,NO,NO
523,simfix_2,simfix_1,bears,traccar-traccar_216100740-216167822,311.24199999999996,8.057,0,188.65399999999997,101.33699999999996,193,17696,0,NO,NO,,NO,NO,NO
524,simfix_2,simfix_2,bears,traccar-traccar_216100740-216167822,259.716,8.057,0,188.65399999999997,49.81099999999999,193,53,0,NO,NO,,NO,NO,NO
525,simfix_2,simfix_3,bears,traccar-traccar_216100740-216167822,340.505,8.057,0,188.65399999999997,130.60000000000002,193,12402,0,NO,NO,,NO,NO,NO
526,tbar_2,tbar_1,bears,traccar-traccar_216100740-216167822,4648.591,7.726,0,222.91600000000017,4422.902,218,6016,yes,NO,NO,,YES,NO,NO
527,tbar_2,tbar_2,bears,traccar-traccar_216100740-216167822,625.3590000000005,7.726,0,402.4730000000001,219.04900000000012,388,216,0,NO,NO,,YES,NO,NO
528,tbar_2,tbar_3,bears,traccar-traccar_216100740-216167822,3866.056000000001,7.726,0,222.91600000000017,3640.367000000001,218,24336,yes,NO,NO,,YES,NO,NO
529,simfix_2,simfix_1,bears,traccar-traccar_216189551-216602583,300.1990000000001,8.326,0,180.22500000000008,98.778,193,17696,0,NO,NO,,NO,NO,NO
530,simfix_2,simfix_2,bears,traccar-traccar_216189551-216602583,251.5850000000001,8.326,0,180.22500000000008,50.16399999999999,193,53,0,NO,NO,,NO,NO,NO
531,simfix_2,simfix_3,bears,traccar-traccar_216189551-216602583,331.10400000000016,8.326,0,180.22500000000008,129.683,193,12402,0,NO,NO,,NO,NO,NO
532,tbar_2,tbar_1,bears,traccar-traccar_216189551-216602583,3022.7030000000004,8.171,0,215.33899999999986,2804.721,218,6016,yes,YES,NO,,YES,NO,NO
533,tbar_2,tbar_2,bears,traccar-traccar_216189551-216602583,637.3740000000001,8.171,0,408.74699999999956,224.842,388,216,0,YES,NO,,YES,NO,NO
534,tbar_2,tbar_3,bears,traccar-traccar_216189551-216602583,4380.053000000002,8.171,0,215.33899999999986,4162.071000000001,218,24336,yes,YES,NO,,YES,NO,NO
535,simfix_2,simfix_1,bears,traccar-traccar_216602583-216605267,7195.2379999999885,8.166,0,5109.947999999991,2025.1279999999983,4709,6328,0,NO,NO,,NO,NO,NO
536,simfix_2,simfix_2,bears,traccar-traccar_216602583-216605267,7197.419999999993,8.166,0,5111.092999999992,2026.1650000000018,4710,2109,0,NO,NO,,NO,NO,NO
537,simfix_2,simfix_3,bears,traccar-traccar_216602583-216605267,7215.478000000003,8.166,0,3878.462000000008,3276.8539999999953,3630,322686,0,NO,NO,,NO,NO,NO
538,tbar_2,tbar_1,bears,traccar-traccar_216602583-216605267,7770.457999999997,8.066,0,2536.305,5215.812999999998,2270,8172,0,NO,NO,,YES,NO,NO
539,tbar_2,tbar_2,bears,traccar-traccar_216602583-216605267,6393.656999999999,8.066,0,3880.675999999999,2494.6410000000014,3718,2539,0,NO,NO,,YES,NO,NO
540,tbar_2,tbar_3,bears,traccar-traccar_216602583-216605267,9519.318000000003,8.066,0,2536.305,6964.673000000004,2270,384930,0,NO,NO,,YES,NO,NO
541,simfix_2,simfix_1,bears,traccar-traccar_219945896-220224837,1739.0130000000001,9.987,0,1231.6299999999999,429.8669999999999,1264,68889,0,NO,NO,,NO,NO,NO
542,simfix_2,simfix_2,bears,traccar-traccar_219945896-220224837,1638.9220000000003,9.987,0,1231.6299999999999,329.77600000000007,1264,345,0,NO,NO,,NO,NO,NO
543,simfix_2,simfix_3,bears,traccar-traccar_219945896-220224837,2153.9900000000007,9.987,0,1231.6299999999999,844.8440000000003,1264,80730,0,NO,NO,,NO,NO,NO
544,tbar_2,tbar_1,bears,traccar-traccar_219945896-220224837,512.0100000000001,9.597999999999999,0,283.0790000000002,225.79899999999995,288,3630,yes,NO,NO,,YES,NO,NO
545,tbar_2,tbar_2,bears,traccar-traccar_219945896-220224837,1463.5010000000009,9.597999999999999,0,925.7930000000009,530.6519999999999,936,538,0,NO,NO,,YES,NO,NO
546,tbar_2,tbar_3,bears,traccar-traccar_219945896-220224837,1261.362,9.597999999999999,0,283.0790000000002,975.1510000000001,288,36504,yes,NO,NO,,YES,NO,NO
547,simfix_2,simfix_1,bears,traccar-traccar_220525069-220735965,7192.167000000003,7.577,0,5095.2130000000025,1954.3859999999993,5042,5648,0,NO,NO,,NO,NO,NO
548,simfix_2,simfix_2,bears,traccar-traccar_220525069-220735965,7198.632000000001,7.577,0,5115.610000000002,1940.4539999999984,5059,1946,0,NO,NO,,NO,NO,NO
549,simfix_2,simfix_3,bears,traccar-traccar_220525069-220735965,7255.453999999991,7.577,0,3454.814999999993,3658.070999999997,3367,320814,0,NO,NO,,NO,NO,NO
550,tbar_2,tbar_1,bears,traccar-traccar_220525069-220735965,7199.733000000001,7.242,0,4163.759000000003,3020.4319999999984,3568,22347,0,NO,NO,,NO,NO,NO
551,tbar_2,tbar_2,bears,traccar-traccar_220525069-220735965,7201.280000000001,7.242,0,4275.252000000002,2910.485999999998,3671,2836,0,NO,NO,,NO,NO,NO
552,tbar_2,tbar_3,bears,traccar-traccar_220525069-220735965,7205.8639999999905,7.242,0,2656.0489999999963,4534.272999999994,2374,420264,0,NO,NO,,NO,NO,NO
553,simfix_2,simfix_1,bears,traccar-traccar_222468469-222479725,7191.085999999998,9.058,0,4660.434999999999,2449.6330000000003,3935,14966,0,NO,NO,,NO,NO,NO
554,simfix_2,simfix_2,bears,traccar-traccar_222468469-222479725,7192.464000000004,9.058,0,4718.288000000002,2393.158000000002,3982,2222,0,NO,NO,,NO,NO,NO
555,simfix_2,simfix_3,bears,traccar-traccar_222468469-222479725,7216.552999999994,9.058,0,3375.4600000000005,3760.0749999999944,2888,303498,0,NO,NO,,NO,NO,NO
556,tbar_2,tbar_1,bears,traccar-traccar_222468469-222479725,10634.82799999999,8.456999999999999,0,2517.99999999999,8096.075999999998,2278,26088,0,NO,NO,,YES,NO,NO
557,tbar_2,tbar_2,bears,traccar-traccar_222468469-222479725,6791.290999999992,8.456999999999999,0,4273.586999999988,2496.952000000004,4006,2487,0,NO,NO,,YES,NO,NO
558,tbar_2,tbar_3,bears,traccar-traccar_222468469-222479725,8694.941999999992,8.456999999999999,0,2496.8869999999906,6177.303,2259,343512,0,NO,NO,,YES,NO,NO
559,simfix_2,simfix_1,bears,traccar-traccar_222528691-222667430,7248.441000000018,7.395,0,7057.470000000014,117.83200000000002,7044,300,0,NO,NO,,NO,NO,NO
560,simfix_2,simfix_2,bears,traccar-traccar_222528691-222667430,7248.226000000018,7.395,0,7057.470000000014,117.617,7044,130,0,NO,NO,,NO,NO,NO
561,simfix_2,simfix_3,bears,traccar-traccar_222528691-222667430,7248.4140000000225,7.395,0,6885.063000000018,290.2120000000001,6893,30420,0,NO,NO,,NO,NO,NO
562,tbar_2,tbar_1,bears,traccar-traccar_222528691-222667430,8512.172999999999,7.144,0,505.60999999999984,7998.813,464,9525,0,NO,NO,,YES,NO,NO
563,tbar_2,tbar_2,bears,traccar-traccar_222528691-222667430,1647.5479999999968,7.144,0,1095.544999999999,544.2529999999997,1100,560,0,NO,NO,,YES,NO,NO
564,tbar_2,tbar_3,bears,traccar-traccar_222528691-222667430,8674.072999999999,7.144,0,505.60999999999984,8160.713,464,46332,0,NO,NO,,YES,NO,NO
565,simfix_2,simfix_1,bears,traccar-traccar_225874246-226678972,1063.9400000000005,7.444,0,698.4120000000003,327.9030000000001,658,20487,0,NO,NO,,NO,NO,NO
566,simfix_2,simfix_2,bears,traccar-traccar_225874246-226678972,989.5010000000005,7.444,0,698.4120000000003,253.464,658,252,0,NO,NO,,NO,NO,NO
567,simfix_2,simfix_3,bears,traccar-traccar_225874246-226678972,1387.6510000000007,7.444,0,698.4120000000003,651.6140000000004,658,58968,0,NO,NO,,NO,NO,NO
568,tbar_2,tbar_1,bears,traccar-traccar_225874246-226678972,3167.273,7.336,0,325.1750000000001,2838.847,291,4376,yes,NO,NO,,YES,NO,NO
569,tbar_2,tbar_2,bears,traccar-traccar_225874246-226678972,814.749,7.336,0,518.757,291.68900000000025,481,276,0,NO,NO,,YES,NO,NO
570,tbar_2,tbar_3,bears,traccar-traccar_225874246-226678972,9560.194,7.336,0,369.1240000000001,9186.767,329,41184,0,NO,NO,,YES,NO,NO
571,simfix_2,simfix_1,bears,traccar-traccar_228965242-229298433,400.97699999999986,7.403,0,245.16799999999992,134.45200000000006,253,20014,0,NO,NO,,NO,NO,NO
572,simfix_2,simfix_2,bears,traccar-traccar_228965242-229298433,333.88099999999986,7.403,0,245.16799999999992,67.35600000000002,253,71,0,NO,NO,,NO,NO,NO
573,simfix_2,simfix_3,bears,traccar-traccar_228965242-229298433,435.60299999999984,7.403,0,245.16799999999992,169.07800000000003,253,16685,0,NO,NO,,NO,NO,NO
574,tbar_2,tbar_1,bears,traccar-traccar_228965242-229298433,6849.37,7.159,0,352.1619999999997,6493.928000000001,326,10512,yes,NO,NO,,YES,NO,NO
575,tbar_2,tbar_2,bears,traccar-traccar_228965242-229298433,822.2959999999991,7.159,0,543.0219999999996,274.9050000000001,478,253,0,NO,NO,,YES,NO,NO
576,tbar_2,tbar_3,bears,traccar-traccar_228965242-229298433,6650.385999999998,7.159,0,352.1619999999997,6294.943999999999,326,35955,yes,NO,NO,,YES,NO,NO
577,simfix_2,simfix_1,bears,traccar-traccar_233864732-233868407,7201.027999999996,9.887,0,5336.000999999998,1805.6659999999977,4134,4896,0,NO,NO,,NO,NO,NO
578,simfix_2,simfix_2,bears,traccar-traccar_233864732-233868407,7199.752999999997,9.887,0,5355.564999999999,1784.8269999999982,4161,1637,0,NO,NO,,NO,NO,NO
579,simfix_2,simfix_3,bears,traccar-traccar_233864732-233868407,7209.0899999999965,9.887,0,4051.6909999999966,3098.038,3003,216818,0,NO,NO,,NO,NO,NO
580,tbar_2,tbar_1,bears,traccar-traccar_233864732-233868407,3570.806000000003,9.512,0,1188.0820000000028,2375.9790000000003,1029,6747,yes,NO,NO,,YES,NO,NO
581,tbar_2,tbar_2,bears,traccar-traccar_233864732-233868407,4079.7920000000036,9.512,0,2625.972000000003,1441.1319999999996,2153,1311,0,NO,NO,,YES,NO,NO
582,tbar_2,tbar_3,bears,traccar-traccar_233864732-233868407,5928.775000000006,9.512,0,1210.934000000003,4710.972000000002,1048,151606,yes,NO,NO,,YES,NO,NO
583,simfix_2,simfix_1,bears,traccar-traccar_237845618-237846623,7239.021999999994,10.73,0,5704.946999999995,1316.2810000000002,4417,12260,0,NO,NO,,NO,NO,NO
584,simfix_2,simfix_2,bears,traccar-traccar_237845618-237846623,7188.985999999993,10.73,0,5734.644999999994,1236.547,4444,1073,0,NO,NO,,NO,NO,NO
585,simfix_2,simfix_3,bears,traccar-traccar_237845618-237846623,7339.226999999999,10.73,0,4063.6280000000033,3057.804999999997,3064,219736,0,NO,NO,,NO,NO,NO
586,tbar_2,tbar_1,bears,traccar-traccar_237845618-237846623,7201.994999999995,10.49,0,4628.379999999991,2555.3710000000037,3378,10226,0,NO,NO,,NO,NO,NO
587,tbar_2,tbar_2,bears,traccar-traccar_237845618-237846623,7201.02299999999,10.49,0,4703.780999999993,2478.997999999998,3426,2060,0,NO,NO,,NO,NO,NO
588,tbar_2,tbar_3,bears,traccar-traccar_237845618-237846623,7205.321999999998,10.49,0,2683.8169999999946,4503.261000000004,2184,367840,0,NO,NO,,NO,NO,NO
589,simfix_2,simfix_1,bears,traccar-traccar_239191142-239340888,677.6759999999999,13.618,0,345.70799999999974,301.6690000000001,203,20294,0,NO,NO,,NO,NO,NO
590,simfix_2,simfix_2,bears,traccar-traccar_239191142-239340888,489.97399999999993,13.618,0,345.70799999999974,113.96700000000004,203,65,0,NO,NO,,NO,NO,NO
591,simfix_2,simfix_3,bears,traccar-traccar_239191142-239340888,725.126,13.618,0,345.70799999999974,349.1190000000001,203,15795,0,NO,NO,,NO,NO,NO
592,tbar_2,tbar_1,bears,traccar-traccar_239191142-239340888,7612.850999999998,12.95,0,339.6260000000003,7269.542,220,9561,yes,YES,NO,,YES,NO,NO
593,tbar_2,tbar_2,bears,traccar-traccar_239191142-239340888,727.9519999999973,12.95,0,475.55299999999994,247.762,372,196,0,YES,NO,,YES,NO,NO
594,tbar_2,tbar_3,bears,traccar-traccar_239191142-239340888,508.5930000000002,12.95,0,210.56800000000015,294.915,124,12150,yes,YES,NO,,YES,NO,NO
595,simfix_2,simfix_1,bears,traccar-traccar_241384932-242095240,7194.978000000012,8.814,0,4680.828999999998,2458.2519999999995,4123,2512,0,NO,NO,,NO,NO,NO
596,simfix_2,simfix_2,bears,traccar-traccar_241384932-242095240,7216.045000000016,8.814,0,4672.377999999999,2487.7700000000027,4115,2452,0,NO,NO,,NO,NO,NO
597,simfix_2,simfix_3,bears,traccar-traccar_241384932-242095240,7215.980000000021,8.814,0,3191.2000000000007,3968.883000000006,2938,363560,0,NO,NO,,NO,NO,NO
598,tbar_2,tbar_1,bears,traccar-traccar_241384932-242095240,8550.668,8.279,0,891.7310000000012,7651.9039999999995,813,9815,0,NO,NO,,YES,NO,NO
599,tbar_2,tbar_2,bears,traccar-traccar_241384932-242095240,1968.477000000001,8.279,0,1248.5260000000012,712.9180000000008,1214,749,0,NO,NO,,YES,NO,NO
600,tbar_2,tbar_3,bears,traccar-traccar_241384932-242095240,7225.7,8.279,0,891.7310000000012,6326.936,813,104676,0,NO,NO,,YES,NO,NO
601,simfix_2,simfix_1,bears,traccar-traccar_243199408-243229436,428.298,7.52,0,220.88,193.7620000000001,224,213,yes,NO,NO,,NO,NO,NO
602,simfix_2,simfix_2,bears,traccar-traccar_243199408-243229436,432.4239999999998,7.52,0,220.88,197.88799999999995,224,461,yes,NO,NO,,NO,NO,NO
603,simfix_2,simfix_3,bears,traccar-traccar_243199408-243229436,727.1639999999999,7.52,0,220.88,492.628,224,53000,yes,NO,NO,,NO,NO,NO
604,tbar_2,tbar_1,bears,traccar-traccar_243199408-243229436,888.8460000000001,7.327999999999999,0,596.957,287.0210000000001,568,1561,yes,NO,NO,,NO,NO,NO
605,tbar_2,tbar_2,bears,traccar-traccar_243199408-243229436,887.865,7.327999999999999,0,596.957,286.03999999999996,568,550,yes,NO,NO,,NO,NO,NO
606,tbar_2,tbar_3,bears,traccar-traccar_243199408-243229436,1358.5770000000002,7.327999999999999,0,596.957,756.7520000000002,568,75250,yes,NO,NO,,NO,NO,NO
607,simfix_2,simfix_1,bears,traccar-traccar_243640798-243870734,797.8990000000001,8.576,0,713.5440000000004,40.86600000000001,989,270,0,NO,NO,,NO,NO,NO
608,simfix_2,simfix_2,bears,traccar-traccar_243640798-243870734,803.1830000000001,8.576,0,713.5440000000004,46.150000000000006,989,48,0,NO,NO,,NO,NO,NO
609,simfix_2,simfix_3,bears,traccar-traccar_243640798-243870734,879.5140000000001,8.576,0,713.5440000000004,122.48100000000004,989,12096,0,NO,NO,,NO,NO,NO
610,tbar_2,tbar_1,bears,traccar-traccar_243640798-243870734,229.96999999999997,8.326,0,145.62699999999998,80.994,131,966,0,NO,NO,,NO,NO,NO
611,tbar_2,tbar_2,bears,traccar-traccar_243640798-243870734,220.05299999999997,8.326,0,145.62699999999998,71.077,131,75,0,NO,NO,,NO,NO,NO
612,tbar_2,tbar_3,bears,traccar-traccar_243640798-243870734,341.275,8.326,0,145.62699999999998,192.299,131,18900,0,NO,NO,,NO,NO,NO
613,simfix_2,simfix_1,bears,traccar-traccar_248584369-248666173,2071.4829999999974,7.961,0,1398.2909999999995,633.1649999999987,1317,1683,0,NO,NO,,NO,NO,NO
614,simfix_2,simfix_2,bears,traccar-traccar_248584369-248666173,2070.090999999999,7.961,0,1398.2909999999995,631.7730000000001,1317,626,0,NO,NO,,NO,NO,NO
615,simfix_2,simfix_3,bears,traccar-traccar_248584369-248666173,3205.998999999998,7.961,0,1398.2909999999995,1767.6809999999991,1317,164012,0,NO,NO,,NO,NO,NO
616,tbar_2,tbar_1,bears,traccar-traccar_248584369-248666173,458.67799999999994,7.78,0,281.09599999999995,174.737,250,264,0,NO,NO,,NO,NO,NO
617,tbar_2,tbar_2,bears,traccar-traccar_248584369-248666173,464.847,7.78,0,281.09599999999995,180.906,250,166,0,NO,NO,,NO,NO,NO
618,tbar_2,tbar_3,bears,traccar-traccar_248584369-248666173,772.9760000000001,7.78,0,281.09599999999995,489.03500000000014,250,43492,0,NO,NO,,NO,NO,NO
619,simfix_2,simfix_1,bears,traccar-traccar_255051210-255052458,38.37100000000001,8.145999999999999,0,24.293,4.319,25,290,yes,NO,NO,,NO,NO,NO
620,simfix_2,simfix_2,bears,traccar-traccar_255051210-255052458,53.88000000000002,8.145999999999999,0,24.293,19.828000000000003,25,1860,yes,NO,NO,,NO,NO,NO
621,simfix_2,simfix_3,bears,traccar-traccar_255051210-255052458,59.613000000000014,8.145999999999999,0,24.293,25.561,25,3180,yes,NO,NO,,NO,NO,NO
622,tbar_2,tbar_1,bears,traccar-traccar_255051210-255052458,39.495,7.992999999999999,0,11.25,26.368000000000002,7,1015,yes,NO,NO,,NO,NO,NO
623,tbar_2,tbar_2,bears,traccar-traccar_255051210-255052458,40.995,7.992999999999999,0,11.25,27.868000000000002,7,1135,yes,NO,NO,,NO,NO,NO
624,tbar_2,tbar_3,bears,traccar-traccar_255051210-255052458,49.221,7.992999999999999,0,11.25,36.094,7,1855,yes,NO,NO,,NO,NO,NO
625,simfix_2,simfix_1,bears,traccar-traccar_262940348-263330667,8420.692999999987,13.274,0,5714.5719999999865,2520.324,6390,3749,0,NO,NO,,NO,NO,NO
626,simfix_2,simfix_2,bears,traccar-traccar_262940348-263330667,7208.516999999989,13.274,0,6055.442999999988,967.2770000000006,6711,500,0,NO,NO,,NO,NO,NO
627,simfix_2,simfix_3,bears,traccar-traccar_262940348-263330667,7246.004999999991,13.274,0,4988.71299999999,2071.4950000000013,5332,121404,0,NO,NO,,NO,NO,NO
628,tbar_2,tbar_1,bears,traccar-traccar_262940348-263330667,8113.751999999997,12.607,0,2274.0749999999975,5820.948,1815,14541,0,NO,NO,,YES,NO,NO
629,tbar_2,tbar_2,bears,traccar-traccar_262940348-263330667,5665.265999999992,12.607,0,2701.099999999997,2945.436999999997,2097,1370,0,NO,NO,,YES,NO,NO
630,tbar_2,tbar_3,bears,traccar-traccar_262940348-263330667,9931.889999999989,12.607,0,2274.0749999999975,7639.085999999993,1815,325084,0,NO,NO,,YES,NO,NO
631,simfix_2,simfix_1,bears,traccar-traccar_265439859-265542197,4081.811999999997,12.731,0,3542.778999999997,296.07300000000004,2868,11502,0,NO,NO,,NO,NO,NO
632,simfix_2,simfix_2,bears,traccar-traccar_265439859-265542197,4858.883999999998,12.731,0,3542.778999999997,1073.1450000000013,2868,2760,0,NO,NO,,NO,NO,NO
633,simfix_2,simfix_3,bears,traccar-traccar_265439859-265542197,7071.399999999994,12.731,0,3542.778999999997,3285.660999999998,2868,251160,0,NO,NO,,NO,NO,NO
634,tbar_2,tbar_1,bears,traccar-traccar_265439859-265542197,7199.286000000024,12.487,0,5670.880000000021,1506.107000000001,4823,32788,0,NO,NO,,NO,NO,NO
635,tbar_2,tbar_2,bears,traccar-traccar_265439859-265542197,7206.1140000000105,12.487,0,4526.610000000006,2657.2050000000027,3884,7773,0,NO,NO,,NO,NO,NO
636,tbar_2,tbar_3,bears,traccar-traccar_265439859-265542197,7212.264999999994,12.487,0,2567.1029999999955,4622.862999999998,2252,415779,0,NO,NO,,NO,NO,NO
637,simfix_2,simfix_1,bears,traccar-traccar_267146704-267366528,343.06700000000035,9.652,0,203.79300000000018,119.33499999999998,200,19098,0,NO,NO,,NO,NO,NO
638,simfix_2,simfix_2,bears,traccar-traccar_267146704-267366528,279.07200000000034,9.652,0,203.79300000000018,55.34,200,58,0,NO,NO,,NO,NO,NO
639,simfix_2,simfix_3,bears,traccar-traccar_267146704-267366528,383.3630000000004,9.652,0,203.79300000000018,159.63100000000003,200,15950,0,NO,NO,,NO,NO,NO
640,tbar_2,tbar_2,bears,traccar-traccar_267146704-267366528,-,-,-,-,-,-,-,-,-,-,-,-,-,-
641,simfix_2,simfix_1,bears,traccar-traccar_267371558-268530427,7197.282000000008,8.395,0,4695.259,2448.7200000000003,3142,8970,0,NO,NO,,NO,NO,NO
642,simfix_2,simfix_2,bears,traccar-traccar_267371558-268530427,7196.945000000009,8.395,0,4715.073,2428.5690000000013,3154,2301,0,NO,NO,,NO,NO,NO
643,simfix_2,simfix_3,bears,traccar-traccar_267371558-268530427,7223.650000000003,8.395,0,2994.6889999999944,4175.658000000001,2061,400400,0,NO,NO,,NO,NO,NO
644,tbar_2,tbar_1,bears,traccar-traccar_267371558-268530427,6397.161000000004,7.982,0,3356.7270000000026,3019.882000000001,2239,3624,yes,NO,NO,,YES,NO,NO
645,tbar_2,tbar_2,bears,traccar-traccar_267371558-268530427,5429.767000000001,7.982,0,3356.7270000000026,2052.4879999999985,2239,1971,yes,NO,NO,,YES,NO,NO
646,tbar_2,tbar_3,bears,traccar-traccar_267371558-268530427,7203.241000000002,7.982,0,2851.349000000001,4331.340000000001,1914,384725,0,NO,NO,,YES,NO,NO
647,simfix_2,simfix_1,bears,traccar-traccar_269449386-269490884,7193.682000000013,9.878,0,6028.532000000015,1117.5669999999982,4540,3001,0,NO,NO,,NO,NO,NO
648,simfix_2,simfix_2,bears,traccar-traccar_269449386-269490884,7212.7170000000115,9.878,0,5900.716000000011,1264.4180000000006,4441,1232,0,NO,NO,,NO,NO,NO
649,simfix_2,simfix_3,bears,traccar-traccar_269449386-269490884,7227.281999999997,9.878,0,4585.762999999995,2593.9360000000015,3350,235675,0,NO,NO,,NO,NO,NO
650,tbar_2,tbar_1,bears,traccar-traccar_269449386-269490884,1622.6719999999973,9.56,0,968.1780000000008,650.0809999999997,697,654,yes,NO,NO,,NO,NO,NO
651,tbar_2,tbar_2,bears,traccar-traccar_269449386-269490884,1631.2809999999977,9.56,0,968.1780000000008,658.6899999999999,697,928,yes,NO,NO,,NO,NO,NO
652,tbar_2,tbar_3,bears,traccar-traccar_269449386-269490884,2876.1519999999987,9.56,0,968.1780000000008,1903.5610000000008,697,179850,yes,NO,NO,,NO,NO,NO
653,simfix_2,simfix_1,bears,traccar-traccar_273118899-273136493,7194.313999999994,9.597,0,4611.529999999991,2508.6280000000042,3656,6662,0,NO,NO,,NO,NO,NO
654,simfix_2,simfix_2,bears,traccar-traccar_273118899-273136493,7197.293999999991,9.597,0,4630.333999999991,2492.8040000000005,3669,2274,0,NO,NO,,NO,NO,NO
655,simfix_2,simfix_3,bears,traccar-traccar_273118899-273136493,7235.098999999992,9.597,0,2864.8799999999974,4296.062999999996,2289,355764,0,NO,NO,,NO,NO,NO
656,tbar_2,tbar_1,bears,traccar-traccar_273118899-273136493,929.7780000000009,9.417,0,601.2930000000007,323.0220000000002,449,686,yes,NO,NO,,NO,NO,NO
657,tbar_2,tbar_2,bears,traccar-traccar_273118899-273136493,930.7290000000007,9.417,0,601.2930000000007,323.97299999999996,449,554,yes,NO,NO,,NO,NO,NO
658,tbar_2,tbar_3,bears,traccar-traccar_273118899-273136493,1624.5360000000005,9.417,0,601.2930000000007,1017.78,449,77004,yes,NO,NO,,NO,NO,NO
659,simfix_2,simfix_1,bears,traccar-traccar_273236004-273269445,1673.5399999999984,9.811,0,1544.636999999999,65.66799999999999,1877,510,0,NO,NO,,NO,NO,NO
660,simfix_2,simfix_2,bears,traccar-traccar_273236004-273269445,1678.9259999999983,9.811,0,1544.636999999999,71.05400000000002,1877,61,0,NO,NO,,NO,NO,NO
661,simfix_2,simfix_3,bears,traccar-traccar_273236004-273269445,1819.6039999999985,9.811,0,1544.636999999999,211.73200000000003,1877,16836,0,NO,NO,,NO,NO,NO
662,tbar_2,tbar_1,bears,traccar-traccar_273236004-273269445,800.5410000000002,9.474,0,499.13500000000005,294.83600000000007,356,3866,0,NO,NO,,NO,NO,NO
663,tbar_2,tbar_2,bears,traccar-traccar_273236004-273269445,766.2270000000003,9.474,0,499.13500000000005,260.5220000000001,356,214,0,NO,NO,,NO,NO,NO
664,tbar_2,tbar_3,bears,traccar-traccar_273236004-273269445,1284.738,9.474,0,499.13500000000005,779.0329999999999,356,59064,0,NO,NO,,NO,NO,NO
